DATE,UPDATED_AT,STRESS_SCORE,SLEEP_POINTS,MAX_SLEEP_POINTS,RESPONSIVENESS_POINTS,MAX_RESPONSIVENESS_POINTS,EXERTION_POINTS,MAX_EXERTION_POINTS,STATUS,CALCULATION_FAILED
2021-11-10T00:00:00,2021-11-10T12:31:21.658,0,0,0,0,0,0,0,NO_DATA,true
2021-11-11T00:00:00,2021-11-11T12:42:28.114,65,23,30,18,30,24,40,READY,false
2021-11-12T00:00:00,2021-11-12T13:44:58.372,67,25,30,15,30,27,40,READY,false
2021-11-13T00:00:00,2021-11-13T16:48:56.386,72,25,30,20,30,27,40,READY,false
2021-11-14T00:00:00,2021-11-14T16:39:53.737,77,25,30,23,30,29,40,READY,false
2021-11-15T00:00:00,2021-11-15T13:46:24.739,76,27,30,17,30,32,40,READY,false
2021-11-16T00:00:00,2021-11-16T13:58:40.842,69,23,30,17,30,29,40,READY,false
2021-11-17T00:00:00,2021-11-17T15:48:34.813,73,24,30,20,30,29,40,READY,false
2021-11-18T00:00:00,2021-11-18T12:53:15.43,70,24,30,17,30,29,40,READY,false
2021-11-19T00:00:00,2021-11-19T15:02:37.411,66,21,30,15,30,30,40,READY,false
2021-11-20T00:00:00,2021-11-20T16:38:17.466,73,22,30,21,30,30,40,READY,false
2021-11-21T00:00:00,2021-11-21T16:03:11.876,81,26,30,23,30,32,40,READY,false
2021-11-23T00:00:00,2021-11-23T13:58:26.784,0,0,0,0,0,0,0,NO_DATA,true
2021-11-24T00:00:00,2021-11-24T15:14:39.403,67,21,30,17,30,29,40,READY,false
2021-11-25T00:00:00,2021-11-25T13:02:16.161,71,25,30,16,30,30,40,READY,false
2021-11-26T00:00:00,2021-11-26T14:11:24.486,74,25,30,16,30,33,40,READY,false
2021-11-27T00:00:00,2021-11-27T16:28:45.967,71,23,30,16,30,32,40,READY,false
2021-11-28T00:00:00,2021-11-28T16:04:19.46,70,26,30,13,30,31,40,READY,false
2021-11-29T00:00:00,2021-11-29T14:57:11.71,75,22,30,23,30,30,40,READY,false
2021-11-30T00:00:00,2021-11-30T14:34:07.572,81,29,30,19,30,33,40,READY,false
2021-12-01T00:00:00,2021-12-01T15:12:26.265,80,26,30,23,30,31,40,READY,false
2021-12-02T00:00:00,2021-12-02T14:31:03.51,79,28,30,19,30,32,40,READY,false
2021-12-03T00:00:00,2021-12-03T14:05:00.573,76,28,30,15,30,33,40,READY,false
2021-12-04T00:00:00,2021-12-04T14:27:55.173,67,21,30,15,30,31,40,READY,false
2021-12-05T00:00:00,2021-12-05T15:59:23.856,77,25,30,13,30,39,40,READY,false
2021-12-06T00:00:00,2021-12-06T15:38:55.603,71,19,30,19,30,33,40,READY,false
2021-12-07T00:00:00,2021-12-07T13:25:26.646,76,28,30,17,30,31,40,READY,false
2021-12-08T00:00:00,2021-12-08T14:44:38.645,75,25,30,19,30,31,40,READY,false
2021-12-09T00:00:00,2021-12-09T12:46:03.504,80,28,30,20,30,32,40,READY,false
2021-12-10T00:00:00,2021-12-10T13:45:33.685,74,25,30,19,30,30,40,READY,false
2021-12-11T00:00:00,2021-12-11T14:36:35.076,72,24,30,16,30,32,40,READY,false
2021-12-12T00:00:00,2021-12-12T13:18:05.784,79,28,30,19,30,32,40,READY,false
2021-12-13T00:00:00,2021-12-13T13:49:36.638,78,25,30,21,30,32,40,READY,false
2021-12-14T00:00:00,2021-12-14T14:15:24.703,78,25,30,24,30,29,40,READY,false
2021-12-15T00:00:00,2021-12-15T13:59:43.586,73,26,30,17,30,30,40,READY,false
2021-12-16T00:00:00,2021-12-16T13:09:44.036,74,26,30,17,30,31,40,READY,false
2021-12-17T00:00:00,2021-12-17T13:58:39.415,81,28,30,23,30,30,40,READY,false
2021-12-18T00:00:00,2021-12-18T14:17:06.15,73,22,30,21,30,30,40,READY,false
2021-12-19T00:00:00,2021-12-19T15:09:14.46,78,29,30,17,30,32,40,READY,false
2021-12-20T00:00:00,2021-12-20T14:03:59.741,84,28,30,23,30,33,40,READY,false
2021-12-21T00:00:00,2021-12-21T15:22:21.254,70,25,30,15,30,30,40,READY,false
2021-12-22T00:00:00,2021-12-22T15:29:43.662,81,29,30,23,30,29,40,READY,false
2021-12-23T00:00:00,2021-12-23T15:47:40.107,70,23,30,16,30,31,40,READY,false
2021-12-24T00:00:00,2021-12-24T13:55:56.057,74,23,30,15,30,36,40,READY,false
2021-12-25T00:00:00,2021-12-25T16:17:42.954,76,24,30,17,30,35,40,READY,false
2021-12-26T00:00:00,2021-12-26T15:33:29.442,78,25,30,21,30,32,40,READY,false
2021-12-27T00:00:00,2021-12-27T15:37:29.858,81,22,30,27,30,32,40,READY,false
2021-12-28T00:00:00,2021-12-28T17:07:43.763,70,20,30,20,30,30,40,READY,false
2021-12-29T00:00:00,2021-12-29T16:51:59.004,77,28,30,19,30,30,40,READY,false
2021-12-30T00:00:00,2021-12-30T18:53:46.44,70,21,30,20,30,29,40,READY,false
2021-12-31T00:00:00,2021-12-31T15:13:23.315,74,28,30,18,30,28,40,READY,false
2022-01-01T00:00:00,2022-01-01T17:54:00.726,73,25,30,21,30,27,40,READY,false
2022-01-03T00:00:00,2022-01-03T13:53:28.665,0,0,0,0,0,0,0,NO_DATA,true
2022-01-04T00:00:00,2022-01-04T13:46:48.698,78,24,30,22,30,32,40,READY,false
2022-01-05T00:00:00,2022-01-05T13:51:06.162,77,28,30,19,30,30,40,READY,false
2022-01-06T00:00:00,2022-01-06T12:49:07.728,75,25,30,20,30,30,40,READY,false
2022-01-07T00:00:00,2022-01-07T13:57:09.645,77,27,30,21,30,29,40,READY,false
2022-01-08T00:00:00,2022-01-09T01:52:29.303,74,24,30,21,30,29,40,READY,false
2022-01-09T00:00:00,2022-01-09T17:02:35.274,71,25,30,16,30,30,40,READY,false
2022-01-10T00:00:00,2022-01-10T14:30:09.583,74,24,30,18,30,32,40,READY,false
2022-01-11T00:00:00,2022-01-11T14:43:59.856,71,27,30,14,30,30,40,READY,false
2022-01-12T00:00:00,2022-01-12T14:49:07.413,79,27,30,19,30,33,40,READY,false
2022-01-13T00:00:00,2022-01-13T13:32:44.643,75,26,30,19,30,30,40,READY,false
2022-01-14T00:00:00,2022-01-14T14:28:20.034,74,26,30,15,30,33,40,READY,false
2022-01-15T00:00:00,2022-01-15T15:51:26.365,76,26,30,18,30,32,40,READY,false
2022-01-16T00:00:00,2022-01-16T16:15:42.324,75,24,30,16,30,35,40,READY,false
2022-01-17T00:00:00,2022-01-17T13:51:17.501,76,25,30,19,30,32,40,READY,false
2022-01-18T00:00:00,2022-01-18T15:06:12.468,84,26,30,20,30,38,40,READY,false
2022-01-19T00:00:00,2022-01-19T15:10:38.578,75,25,30,18,30,32,40,READY,false
2022-01-20T00:00:00,2022-01-20T13:06:07.405,76,25,30,21,30,30,40,READY,false
2022-01-21T00:00:00,2022-01-21T14:40:05.777,74,25,30,19,30,30,40,READY,false
2022-01-22T00:00:00,2022-01-22T16:07:22.667,73,25,30,17,30,31,40,READY,false
2022-01-23T00:00:00,2022-01-23T17:27:04.174,73,24,30,19,30,30,40,READY,false
2022-01-25T00:00:00,2022-01-25T14:50:42.314,0,0,0,0,0,0,0,NO_DATA,true
2022-01-26T00:00:00,2022-01-26T14:22:17.585,78,26,30,23,30,29,40,READY,false
2022-01-27T00:00:00,2022-01-27T14:59:09.395,75,24,30,23,30,28,40,READY,false
2022-01-28T00:00:00,2022-01-28T14:41:23.566,72,25,30,21,30,26,40,READY,false
2022-01-29T00:00:00,2022-01-29T14:20:32.082,76,26,30,26,30,24,40,READY,false
2022-01-30T00:00:00,2022-01-30T14:23:45.473,69,26,30,19,30,24,40,READY,false
2022-01-31T00:00:00,2022-01-31T14:34:55.584,70,25,30,15,30,30,40,READY,false
2022-02-01T00:00:00,2022-02-01T14:33:48.625,66,23,30,19,30,24,40,READY,false
2022-02-02T00:00:00,2022-02-02T14:49:58.978,73,24,30,21,30,28,40,READY,false
2022-02-03T00:00:00,2022-02-03T14:24:43.41,79,28,30,18,30,33,40,READY,false
2022-02-04T00:00:00,2022-02-04T14:53:38.537,72,21,30,21,30,30,40,READY,false
2022-02-05T00:00:00,2022-02-05T14:20:02.08,71,21,30,16,30,34,40,READY,false
2022-02-06T00:00:00,2022-02-06T15:48:49.845,76,25,30,19,30,32,40,READY,false
2022-02-07T00:00:00,2022-02-07T14:37:36.003,82,28,30,24,30,30,40,READY,false
2022-02-08T00:00:00,2022-02-08T14:11:26.611,72,26,30,15,30,31,40,READY,false
2022-02-09T00:00:00,2022-02-09T14:13:51.887,81,28,30,23,30,30,40,READY,false
2022-02-10T00:00:00,2022-02-10T14:48:47.469,79,26,30,24,30,29,40,READY,false
2022-02-11T00:00:00,2022-02-11T14:38:03.603,82,28,30,21,30,33,40,READY,false
2022-02-12T00:00:00,2022-02-12T15:36:15.459,77,27,30,17,30,33,40,READY,false
2022-02-13T00:00:00,2022-02-13T15:20:31.859,75,22,30,23,30,30,40,READY,false
2022-02-14T00:00:00,2022-02-14T15:11:39.672,74,24,30,19,30,31,40,READY,false
2022-02-15T00:00:00,2022-02-15T14:20:15.301,71,25,30,17,30,29,40,READY,false
2022-02-16T00:00:00,2022-02-16T14:29:03.152,73,25,30,15,30,33,40,READY,false
2022-02-17T00:00:00,2022-02-17T13:03:57.619,77,23,30,23,30,31,40,READY,false
2022-02-18T00:00:00,2022-02-18T14:46:52.201,76,24,30,25,30,27,40,READY,false
2022-02-19T00:00:00,2022-02-19T16:13:33.984,67,26,30,13,30,28,40,READY,false
2022-02-20T00:00:00,2022-02-20T16:26:55.682,75,26,30,19,30,30,40,READY,false
2022-02-21T00:00:00,2022-02-21T15:33:59.252,69,25,30,19,30,25,40,READY,false
2022-02-22T00:00:00,2022-02-22T20:12:14.129,0,0,0,0,0,0,0,NO_DATA,true
2022-02-23T00:00:00,2022-02-23T16:44:00.215,68,22,30,24,30,22,40,READY,false
2022-02-24T00:00:00,2022-02-24T12:54:48.921,68,19,30,28,30,21,40,READY,false
2022-02-25T00:00:00,2022-02-25T14:07:45.012,74,25,30,20,30,29,40,READY,false
2022-02-26T00:00:00,2022-02-26T16:02:26.415,70,26,30,19,30,25,40,READY,false
2022-02-27T00:00:00,2022-02-27T16:10:02.761,75,28,30,19,30,28,40,READY,false
2022-03-01T00:00:00,2022-03-01T14:37:21.075,0,0,0,0,0,0,0,NO_DATA,true
2022-03-02T00:00:00,2022-03-02T14:55:34.074,62,21,30,15,30,26,40,READY,false
2022-03-03T00:00:00,2022-03-03T13:04:00.362,76,23,30,15,30,38,40,READY,false
2022-03-04T00:00:00,2022-03-04T14:06:29.228,79,25,30,26,30,28,40,READY,false
2022-03-05T00:00:00,2022-03-05T14:53:49.192,77,28,30,17,30,32,40,READY,false
2022-03-06T00:00:00,2022-03-06T15:55:18.603,79,25,30,23,30,31,40,READY,false
2022-03-07T00:00:00,2022-03-07T14:48:10.918,68,21,30,15,30,32,40,READY,false
2022-03-08T00:00:00,2022-03-08T14:45:10.22,75,26,30,19,30,30,40,READY,false
2022-03-09T00:00:00,2022-03-09T14:52:05.912,79,25,30,20,30,34,40,READY,false
2022-03-10T00:00:00,2022-03-10T12:51:40.452,74,22,30,22,30,30,40,READY,false
2022-03-11T00:00:00,2022-03-11T15:14:06.18,74,23,30,22,30,29,40,READY,false
2022-03-12T00:00:00,2022-03-12T16:31:28.648,78,28,30,20,30,30,40,READY,false
2022-03-13T00:00:00,2022-03-13T15:40:41.098,0,0,0,0,0,0,0,NO_DATA,true
2022-03-14T00:00:00,2022-03-14T12:18:34.339,69,23,30,21,30,25,40,READY,false
2022-03-15T00:00:00,2022-03-15T13:48:48.022,72,25,30,22,30,25,40,READY,false
2022-03-16T00:00:00,2022-03-16T14:04:52.876,67,24,30,19,30,24,40,READY,false
2022-03-17T00:00:00,2022-03-17T12:25:58.804,65,25,30,19,30,21,40,READY,false
2022-03-18T00:00:00,2022-03-18T12:56:46.138,72,25,30,17,30,30,40,READY,false
2022-03-19T00:00:00,2022-03-19T13:33:35.961,75,26,30,21,30,28,40,READY,false
2022-03-20T00:00:00,2022-03-20T14:37:42.333,71,23,30,23,30,25,40,READY,false
2022-03-21T00:00:00,2022-03-21T14:09:08.537,63,19,30,19,30,25,40,READY,false
2022-03-22T00:00:00,2022-03-22T15:50:00.051,76,25,30,22,30,29,40,READY,false
2022-03-23T00:00:00,2022-03-23T13:57:21.671,71,25,30,15,30,31,40,READY,false
2022-03-24T00:00:00,2022-03-24T22:30:29.037,77,21,30,26,30,30,40,READY,false
2022-03-25T00:00:00,2022-03-25T13:34:37.125,77,28,30,21,30,28,40,READY,false
2022-03-26T00:00:00,2022-03-26T14:57:03.86,74,26,30,21,30,27,40,READY,false
2022-03-27T00:00:00,2022-03-27T13:33:39.774,73,26,30,18,30,29,40,READY,false
2022-03-28T00:00:00,2022-03-28T17:44:07.684,77,28,30,19,30,30,40,READY,false
2022-03-29T00:00:00,2022-03-29T16:59:25.048,78,28,30,21,30,29,40,READY,false
2022-03-30T00:00:00,2022-03-30T15:46:30.124,68,25,30,19,30,24,40,READY,false
2022-03-31T00:00:00,2022-03-31T11:44:26.504,73,25,30,24,30,24,40,READY,false
2022-04-01T00:00:00,2022-04-01T14:25:05.469,73,28,30,21,30,24,40,READY,false
2022-04-02T00:00:00,2022-04-02T14:47:36.373,66,24,30,18,30,24,40,READY,false
2022-04-03T00:00:00,2022-04-03T15:59:23.022,65,25,30,16,30,24,40,READY,false
2022-04-04T00:00:00,2022-04-04T13:42:54.327,63,25,30,17,30,21,40,READY,false
2022-04-05T00:00:00,2022-04-05T14:58:09.966,65,25,30,19,30,21,40,READY,false
2022-04-06T00:00:00,2022-04-06T15:51:10.798,72,27,30,19,30,26,40,READY,false
2022-04-07T00:00:00,2022-04-07T15:14:04.4,61,20,30,15,30,26,40,READY,false
2022-04-08T00:00:00,2022-04-08T12:46:40.62,67,24,30,16,30,27,40,READY,false
2022-04-09T00:00:00,2022-04-09T14:38:33.834,77,25,30,15,30,37,40,READY,false
2022-04-10T00:00:00,2022-04-10T15:00:45.922,78,25,30,21,30,32,40,READY,false
2022-04-11T00:00:00,2022-04-11T14:26:54.058,72,26,30,16,30,30,40,READY,false
2022-04-12T00:00:00,2022-04-12T14:09:40.727,84,28,30,16,30,40,40,READY,false
2022-04-13T00:00:00,2022-04-13T12:45:35.797,73,26,30,17,30,30,40,READY,false
2022-04-14T00:00:00,2022-04-14T14:31:06.141,0,0,0,0,0,0,0,NO_DATA,true
2022-04-15T00:00:00,2022-04-15T14:06:51.441,79,25,30,22,30,32,40,READY,false
2022-04-16T00:00:00,2022-04-16T13:28:44.541,69,21,30,19,30,29,40,READY,false
2022-04-17T00:00:00,2022-04-17T12:31:55.22,81,25,30,17,30,39,40,READY,false
2022-04-18T00:00:00,2022-04-18T12:22:15.195,81,25,30,23,30,33,40,READY,false
2022-04-19T00:00:00,2022-04-19T13:24:39.776,81,27,30,21,30,33,40,READY,false
2022-04-20T00:00:00,2022-04-20T13:30:45.929,73,25,30,18,30,30,40,READY,false
2022-04-21T00:00:00,2022-04-21T14:29:49.761,73,22,30,20,30,31,40,READY,false
2022-04-22T00:00:00,2022-04-22T13:27:09.326,77,25,30,20,30,32,40,READY,false
2022-04-23T00:00:00,2022-04-23T12:47:19.171,84,25,30,20,30,39,40,READY,false
2022-04-24T00:00:00,2022-04-24T13:30:29.83,81,25,30,19,30,37,40,READY,false
2022-04-25T00:00:00,2022-04-25T12:00:30.504,79,25,30,21,30,33,40,READY,false
2022-04-26T00:00:00,2022-04-26T13:26:30.652,81,28,30,18,30,35,40,READY,false
2022-04-27T00:00:00,2022-04-27T13:34:42.269,76,22,30,23,30,31,40,READY,false
2022-04-28T00:00:00,2022-04-28T12:10:30.278,74,22,30,19,30,33,40,READY,false
2022-04-29T00:00:00,2022-04-29T16:20:39.612,72,25,30,15,30,32,40,READY,false
2022-04-30T00:00:00,2022-04-30T14:25:17.878,67,25,30,14,30,28,40,READY,false
2022-05-01T00:00:00,2022-05-01T14:01:36.087,72,21,30,23,30,28,40,READY,false
2022-05-02T00:00:00,2022-05-02T15:38:32.643,75,24,30,24,30,27,40,READY,false
2022-05-03T00:00:00,2022-05-03T11:45:42.299,70,24,30,18,30,28,40,READY,false
2022-05-04T00:00:00,2022-05-04T13:02:22.617,73,23,30,23,30,27,40,READY,false
2022-05-05T00:00:00,2022-05-05T11:33:59.58,71,26,30,16,30,29,40,READY,false
2022-05-06T00:00:00,2022-05-06T12:26:10.309,73,25,30,19,30,29,40,READY,false
2022-05-07T00:00:00,2022-05-07T14:25:55.931,77,25,30,22,30,30,40,READY,false
2022-05-08T00:00:00,2022-05-08T15:41:27.892,73,26,30,17,30,30,40,READY,false
2022-05-09T00:00:00,2022-05-10T02:40:22.905,73,24,30,21,30,28,40,READY,false
2022-05-10T00:00:00,2022-05-10T13:39:00.831,75,25,30,17,30,33,40,READY,false
2022-05-11T00:00:00,2022-05-11T13:52:14.98,79,26,30,21,30,32,40,READY,false
2022-05-12T00:00:00,2022-05-12T11:44:04.237,78,28,30,17,30,33,40,READY,false
2022-05-13T00:00:00,2022-05-13T14:21:38.979,79,25,30,21,30,33,40,READY,false
2022-05-14T00:00:00,2022-05-14T15:05:21.663,78,28,30,20,30,30,40,READY,false
2022-05-15T00:00:00,2022-05-15T15:03:00.597,84,28,30,27,30,29,40,READY,false
2022-05-16T00:00:00,2022-05-16T15:11:21.118,71,24,30,17,30,30,40,READY,false
2022-05-17T00:00:00,2022-05-17T13:42:04.535,80,27,30,22,30,31,40,READY,false
2022-05-18T00:00:00,2022-05-18T13:19:10.291,77,21,30,26,30,30,40,READY,false
2022-05-19T00:00:00,2022-05-19T11:43:18.877,71,25,30,17,30,29,40,READY,false
2022-05-20T00:00:00,2022-05-20T21:53:10.088,78,23,30,28,30,27,40,READY,false
2022-05-21T00:00:00,2022-05-21T13:48:24.841,73,27,30,20,30,26,40,READY,false
2022-05-22T00:00:00,2022-05-22T13:19:27.906,77,29,30,21,30,27,40,READY,false
2022-05-23T00:00:00,2022-05-23T13:43:48.924,73,29,30,20,30,24,40,READY,false
2022-05-24T00:00:00,2022-05-24T12:40:54.76,76,28,30,17,30,31,40,READY,false
2022-05-25T00:00:00,2022-05-25T22:58:06.314,72,18,30,24,30,30,40,READY,false
2022-05-26T00:00:00,2022-05-26T12:05:55.851,78,27,30,15,30,36,40,READY,false
2022-05-27T00:00:00,2022-05-27T12:11:53.858,80,27,30,21,30,32,40,READY,false
2022-05-28T00:00:00,2022-05-28T14:43:47.234,79,28,30,21,30,30,40,READY,false
2022-05-29T00:00:00,2022-05-29T19:42:03.524,74,25,30,19,30,30,40,READY,false
2022-05-30T00:00:00,2022-05-30T12:40:42.682,80,28,30,23,30,29,40,READY,false
2022-05-31T00:00:00,2022-05-31T15:05:43.238,77,27,30,25,30,25,40,READY,false
2022-06-01T00:00:00,2022-06-01T14:04:45.425,74,28,30,17,30,29,40,READY,false
2022-06-02T00:00:00,2022-06-02T11:37:20.916,68,23,30,13,30,32,40,READY,false
2022-06-03T00:00:00,2022-06-03T13:33:57.656,73,25,30,19,30,29,40,READY,false
2022-06-04T00:00:00,2022-06-04T15:08:53.163,80,29,30,23,30,28,40,READY,false
2022-06-05T00:00:00,2022-06-05T13:54:29.571,77,24,30,24,30,29,40,READY,false
2022-06-06T00:00:00,2022-06-06T13:41:02.133,81,28,30,24,30,29,40,READY,false
2022-06-07T00:00:00,2022-06-07T14:52:21.043,79,27,30,23,30,29,40,READY,false
2022-06-08T00:00:00,2022-06-08T13:43:18.45,72,24,30,19,30,29,40,READY,false
2022-06-09T00:00:00,2022-06-09T14:53:01.409,67,24,30,16,30,27,40,READY,false
2022-06-10T00:00:00,2022-06-10T14:41:57.335,70,29,30,19,30,22,40,READY,false
2022-06-11T00:00:00,2022-06-11T14:04:13.862,69,26,30,22,30,21,40,READY,false
2022-06-12T00:00:00,2022-06-12T13:55:27.492,72,27,30,21,30,24,40,READY,false
2022-06-13T00:00:00,2022-06-13T14:22:15.695,68,29,30,18,30,21,40,READY,false
2022-06-14T00:00:00,2022-06-14T13:26:06.845,72,27,30,23,30,22,40,READY,false
2022-06-15T00:00:00,2022-06-15T13:50:14.324,66,27,30,15,30,24,40,READY,false
2022-06-16T00:00:00,2022-06-16T11:43:16.504,71,23,30,21,30,27,40,READY,false
2022-06-17T00:00:00,2022-06-17T14:53:06.681,74,26,30,23,30,25,40,READY,false
2022-06-18T00:00:00,2022-06-18T15:12:38.845,68,24,30,17,30,27,40,READY,false
2022-06-19T00:00:00,2022-06-19T15:47:30.909,72,20,30,23,30,29,40,READY,false
2022-06-20T00:00:00,2022-06-20T15:43:58.477,74,25,30,23,30,26,40,READY,false
2022-06-21T00:00:00,2022-06-21T13:31:26.224,76,26,30,18,30,32,40,READY,false
2022-06-22T00:00:00,2022-06-22T13:58:00.812,74,23,30,22,30,29,40,READY,false
2022-06-23T00:00:00,2022-06-23T13:31:11.634,80,30,30,12,30,38,40,READY,false
2022-06-24T00:00:00,2022-06-24T13:59:51.359,71,17,30,21,30,33,40,READY,false
2022-06-25T00:00:00,2022-06-25T15:27:27.672,72,18,30,18,30,36,40,READY,false
2022-06-26T00:00:00,2022-06-26T15:04:22.419,74,22,30,22,30,30,40,READY,false
2022-06-27T00:00:00,2022-06-27T13:37:00.602,79,27,30,22,30,30,40,READY,false
2022-06-28T00:00:00,2022-06-28T14:15:35.581,83,29,30,17,30,37,40,READY,false
2022-06-29T00:00:00,2022-06-29T13:47:57.589,80,28,30,21,30,31,40,READY,false
2022-06-30T00:00:00,2022-06-30T14:35:18.016,74,26,30,16,30,32,40,READY,false
2022-07-01T00:00:00,2022-07-01T14:22:12.98,71,22,30,21,30,28,40,READY,false
2022-07-02T00:00:00,2022-07-02T16:34:20.548,82,27,30,26,30,29,40,READY,false
2022-07-03T00:00:00,2022-07-03T10:00:29.462,73,22,30,21,30,30,40,READY,false
2022-07-04T00:00:00,2022-07-04T13:36:50.631,84,25,30,23,30,36,40,READY,false
2022-07-05T00:00:00,2022-07-05T15:00:27.779,72,24,30,19,30,29,40,READY,false
2022-07-06T00:00:00,2022-07-06T14:16:26.67,68,22,30,16,30,30,40,READY,false
2022-07-07T00:00:00,2022-07-07T11:51:28.731,76,28,30,17,30,31,40,READY,false
2022-07-08T00:00:00,2022-07-08T14:58:03.664,78,26,30,24,30,28,40,READY,false
2022-07-09T00:00:00,2022-07-09T15:09:10.356,79,26,30,24,30,29,40,READY,false
2022-07-11T00:00:00,2022-07-11T13:48:48.286,0,0,0,0,0,0,0,NO_DATA,true
2022-07-12T00:00:00,2022-07-12T15:11:48.003,69,20,30,23,30,26,40,READY,false
2022-07-13T00:00:00,2022-07-13T13:55:32.235,75,24,30,25,30,26,40,READY,false
2022-07-14T00:00:00,2022-07-14T12:05:17.263,62,19,30,15,30,28,40,READY,false
2022-07-15T00:00:00,2022-07-15T15:06:34.678,71,25,30,20,30,26,40,READY,false
2022-07-16T00:00:00,2022-07-16T14:46:16.791,72,25,30,20,30,27,40,READY,false
2022-07-17T00:00:00,2022-07-17T16:17:54.88,64,21,30,17,30,26,40,READY,false
2022-07-18T00:00:00,2022-07-18T15:06:49.554,75,27,30,20,30,28,40,READY,false
2022-07-19T00:00:00,2022-07-19T14:30:27.886,80,29,30,24,30,27,40,READY,false
2022-07-21T00:00:00,2022-07-21T11:30:30.89,0,0,0,0,0,0,0,NO_DATA,true
2022-07-22T00:00:00,2022-07-22T14:00:35.521,75,25,30,23,30,27,40,READY,false
2022-07-23T00:00:00,2022-07-23T13:50:23.985,69,28,30,19,30,22,40,READY,false
2022-07-24T00:00:00,2022-07-24T14:00:32.724,74,28,30,26,30,20,40,READY,false
2022-07-25T00:00:00,2022-07-25T14:15:29.326,65,25,30,20,30,20,40,READY,false
2022-07-26T00:00:00,2022-07-26T14:16:52.362,69,25,30,23,30,21,40,READY,false
2022-07-27T00:00:00,2022-07-27T13:20:28.969,61,25,30,16,30,20,40,READY,false
2022-07-28T00:00:00,2022-07-28T14:00:40.655,62,19,30,16,30,27,40,READY,false
2022-07-29T00:00:00,2022-07-29T12:12:46.045,61,22,30,15,30,24,40,READY,false
2022-07-30T00:00:00,2022-07-30T14:28:19.326,71,28,30,21,30,22,40,READY,false
2022-07-31T00:00:00,2022-07-31T12:54:59.364,67,24,30,21,30,22,40,READY,false
2022-08-01T00:00:00,2022-08-01T13:51:57.809,63,24,30,17,30,22,40,READY,false
2022-08-02T00:00:00,2022-08-02T11:46:51.077,70,25,30,24,30,21,40,READY,false
2022-08-03T00:00:00,2022-08-03T13:25:37.207,67,25,30,21,30,21,40,READY,false
2022-08-04T00:00:00,2022-08-04T16:37:55.353,65,23,30,21,30,21,40,READY,false
2022-08-05T00:00:00,2022-08-05T13:27:32.275,63,25,30,19,30,19,40,READY,false
2022-08-06T00:00:00,2022-08-06T11:30:20.309,62,20,30,23,30,19,40,READY,false
2022-08-07T00:00:00,2022-08-07T13:21:51.858,73,28,30,20,30,25,40,READY,false
2022-08-08T00:00:00,2022-08-08T20:58:52.948,67,24,30,23,30,20,40,READY,false
2022-08-09T00:00:00,2022-08-09T14:05:19.957,64,22,30,21,30,21,40,READY,false
2022-08-10T00:00:00,2022-08-10T14:04:49.407,69,23,30,26,30,20,40,READY,false
2022-08-11T00:00:00,2022-08-11T12:55:41.971,70,25,30,23,30,22,40,READY,false
2022-08-12T00:00:00,2022-08-12T13:14:04.308,76,28,30,15,30,33,40,READY,false
2022-08-13T00:00:00,2022-08-13T14:35:42.639,74,21,30,24,30,29,40,READY,false
2022-08-14T00:00:00,2022-08-14T13:03:06.503,74,25,30,20,30,29,40,READY,false
2022-08-15T00:00:00,2022-08-15T13:09:21.44,79,28,30,23,30,28,40,READY,false
2022-08-16T00:00:00,2022-08-16T12:16:03.367,80,27,30,15,30,38,40,READY,false
2022-08-17T00:00:00,2022-08-17T12:16:44.977,82,24,30,23,30,35,40,READY,false
2022-08-18T00:00:00,2022-08-18T12:10:50.776,77,23,30,16,30,38,40,READY,false
2022-08-19T00:00:00,2022-08-19T14:25:29.999,76,19,30,24,30,33,40,READY,false
2022-08-20T00:00:00,2022-08-20T13:36:03.329,78,24,30,20,30,34,40,READY,false
2022-08-21T00:00:00,2022-08-21T14:03:18.936,83,28,30,25,30,30,40,READY,false
2022-08-22T00:00:00,2022-08-22T15:39:47.111,81,24,30,27,30,30,40,READY,false
2022-08-23T00:00:00,2022-08-23T13:31:08.782,80,25,30,25,30,30,40,READY,false
2022-08-24T00:00:00,2022-08-25T00:51:55.946,78,21,30,19,30,38,40,READY,false
2022-08-25T00:00:00,2022-08-25T13:31:28.779,87,30,30,17,30,40,40,READY,false
2022-08-26T00:00:00,2022-08-26T12:33:52.42,81,26,30,23,30,32,40,READY,false
2022-08-27T00:00:00,2022-08-27T15:09:29.509,80,25,30,15,30,40,40,READY,false
2022-08-28T00:00:00,2022-08-28T14:55:50.005,81,28,30,21,30,32,40,READY,false
2022-08-29T00:00:00,2022-08-29T13:48:13.222,77,25,30,19,30,33,40,READY,false
2022-08-30T00:00:00,2022-08-30T14:41:59.025,80,27,30,23,30,30,40,READY,false
2022-08-31T00:00:00,2022-09-01T01:04:38.911,68,25,30,13,30,30,40,READY,false
2022-09-01T00:00:00,2022-09-01T13:58:32.478,78,21,30,20,30,37,40,READY,false
2022-09-02T00:00:00,2022-09-02T13:51:13.278,76,25,30,18,30,33,40,READY,false
2022-09-03T00:00:00,2022-09-04T03:43:10.272,76,22,30,15,30,39,40,READY,false
2022-09-04T00:00:00,2022-09-04T23:10:48.316,70,16,30,21,30,33,40,READY,false
2022-09-05T00:00:00,2022-09-05T10:01:16.344,79,24,30,17,30,38,40,READY,false
2022-09-06T00:00:00,2022-09-06T11:00:49.665,84,24,30,21,30,39,40,READY,false
2022-09-07T00:00:00,2022-09-07T12:18:56.613,82,20,30,23,30,39,40,READY,false
2022-09-08T00:00:00,2022-09-08T12:15:52.214,81,22,30,20,30,39,40,READY,false
2022-09-09T00:00:00,2022-09-09T12:03:51.044,80,25,30,23,30,32,40,READY,false
2022-09-10T00:00:00,2022-09-10T11:30:04.307,70,17,30,16,30,37,40,READY,false
2022-09-11T00:00:00,2022-09-11T15:34:43.037,68,21,30,14,30,33,40,READY,false
2022-09-12T00:00:00,2022-09-12T11:42:46.536,81,25,30,26,30,30,40,READY,false
2022-09-13T00:00:00,2022-09-13T12:03:15.359,80,23,30,25,30,32,40,READY,false
2022-09-14T00:00:00,2022-09-14T12:08:20.701,81,22,30,23,30,36,40,READY,false
2022-09-15T00:00:00,2022-09-15T13:02:31,76,23,30,15,30,38,40,READY,false
2022-09-16T00:00:00,2022-09-16T11:53:28.251,71,23,30,16,30,32,40,READY,false
2022-09-17T00:00:00,2022-09-17T13:52:05.983,74,23,30,18,30,33,40,READY,false
2022-09-18T00:00:00,2022-09-18T13:29:06.492,75,21,30,25,30,29,40,READY,false
2022-09-19T00:00:00,2022-09-19T12:08:30.998,69,17,30,22,30,30,40,READY,false
2022-09-20T00:00:00,2022-09-20T13:00:21.615,0,0,0,0,0,0,0,NO_DATA,true
2022-09-21T00:00:00,2022-09-21T12:17:07.973,73,24,30,15,30,34,40,READY,false
2022-09-22T00:00:00,2022-09-22T12:18:15.342,65,20,30,16,30,29,40,READY,false
2022-09-23T00:00:00,2022-09-23T14:00:43.779,66,19,30,19,30,28,40,READY,false
2022-09-24T00:00:00,2022-09-24T15:09:23.231,65,21,30,16,30,28,40,READY,false
2022-09-25T00:00:00,2022-09-25T14:50:26.483,68,21,30,19,30,28,40,READY,false
2022-09-26T00:00:00,2022-09-26T13:25:59.712,66,21,30,19,30,26,40,READY,false
2022-09-27T00:00:00,2022-09-27T11:32:20.393,73,21,30,23,30,29,40,READY,false
2022-09-28T00:00:00,2022-09-28T11:31:08.866,69,24,30,18,30,27,40,READY,false
2022-09-29T00:00:00,2022-09-29T12:01:48.1,68,19,30,21,30,28,40,READY,false
2022-09-30T00:00:00,2022-09-30T12:38:35.618,69,21,30,23,30,25,40,READY,false
2022-10-01T00:00:00,2022-10-01T15:16:17.005,60,18,30,16,30,26,40,READY,false
2022-10-02T00:00:00,2022-10-02T14:25:42.341,69,22,30,23,30,24,40,READY,false
2022-10-03T00:00:00,2022-10-03T12:24:11.455,67,23,30,15,30,29,40,READY,false
2022-10-04T00:00:00,2022-10-04T11:58:39.842,75,23,30,24,30,28,40,READY,false
2022-10-05T00:00:00,2022-10-05T12:20:51.005,75,24,30,23,30,28,40,READY,false
2022-10-06T00:00:00,2022-10-06T12:36:37.268,72,21,30,15,30,36,40,READY,false
2022-10-07T00:00:00,2022-10-07T12:44:44.648,73,21,30,21,30,31,40,READY,false
2022-10-08T00:00:00,2022-10-08T13:48:15.735,73,22,30,19,30,32,40,READY,false
2022-10-09T00:00:00,2022-10-09T13:55:22.188,75,21,30,22,30,32,40,READY,false
2022-10-14T00:00:00,2022-10-14T13:43:57.475,0,0,0,0,0,0,0,NO_DATA,true
2022-10-15T00:00:00,2022-10-15T15:03:44.868,64,21,30,23,30,20,40,READY,false
2022-10-16T00:00:00,2022-10-16T15:05:37.006,61,22,30,21,30,18,40,READY,false
2022-10-17T00:00:00,2022-10-17T14:59:14.096,61,22,30,21,30,18,40,READY,false
2022-10-18T00:00:00,2022-10-18T11:42:46.436,56,18,30,17,30,21,40,READY,false
2022-10-19T00:00:00,2022-10-19T14:12:06.834,69,24,30,15,30,30,40,READY,false
2022-10-20T00:00:00,2022-10-20T14:42:47.308,76,21,30,16,30,39,40,READY,false
2022-10-21T00:00:00,2022-10-21T13:11:02.652,74,23,30,18,30,33,40,READY,false
2022-10-22T00:00:00,2022-10-22T15:19:56.464,72,22,30,18,30,32,40,READY,false
2022-10-24T00:00:00,2022-10-24T13:35:11.737,0,0,0,0,0,0,0,NO_DATA,true
2022-10-25T00:00:00,2022-10-25T14:24:33.127,78,22,30,26,30,30,40,READY,false
2022-10-26T00:00:00,2022-10-26T14:36:16.889,71,21,30,21,30,29,40,READY,false
2022-10-27T00:00:00,2022-10-27T14:09:10.004,76,20,30,23,30,33,40,READY,false
2022-10-28T00:00:00,2022-10-28T12:14:58.447,78,23,30,26,30,29,40,READY,false
2022-10-29T00:00:00,2022-10-29T15:00:21.065,71,19,30,23,30,29,40,READY,false
2022-10-30T00:00:00,2022-10-30T11:59:18.287,74,23,30,21,30,30,40,READY,false
2022-10-31T00:00:00,2022-10-31T12:49:56.433,80,25,30,17,30,38,40,READY,false
2022-11-01T00:00:00,2022-11-01T12:12:32.53,78,23,30,23,30,32,40,READY,false
2022-11-02T00:00:00,2022-11-02T12:58:20.435,72,22,30,18,30,32,40,READY,false
2022-11-03T00:00:00,2022-11-03T12:36:49.707,73,20,30,15,30,38,40,READY,false
2022-11-04T00:00:00,2022-11-04T12:56:11.983,77,23,30,21,30,33,40,READY,false
2022-11-06T00:00:00,2022-11-06T14:33:03.554,0,0,0,0,0,0,0,NO_DATA,true
2022-11-07T00:00:00,2022-11-07T13:57:22.757,80,24,30,27,30,29,40,READY,false
2022-11-08T00:00:00,2022-11-08T14:55:14.31,73,20,30,22,30,31,40,READY,false
2022-11-09T00:00:00,2022-11-09T15:08:18.722,74,21,30,23,30,30,40,READY,false
2022-11-10T00:00:00,2022-11-10T12:47:16.634,64,19,30,15,30,30,40,READY,false
2022-11-11T00:00:00,2022-11-11T13:39:37.319,72,23,30,21,30,28,40,READY,false
2022-11-12T00:00:00,2022-11-12T15:43:13.792,64,19,30,17,30,28,40,READY,false
2022-11-13T00:00:00,2022-11-13T15:25:17.401,72,21,30,23,30,28,40,READY,false
2022-11-14T00:00:00,2022-11-14T13:46:19.842,77,25,30,23,30,29,40,READY,false
2022-11-16T00:00:00,2022-11-16T13:45:57.69,66,22,30,17,30,27,40,READY,false
2022-11-17T00:00:00,2022-11-17T14:11:49.923,76,23,30,17,30,36,40,READY,false
2022-11-18T00:00:00,2022-11-18T13:49:25.329,66,15,30,19,30,32,40,READY,false
2022-11-19T00:00:00,2022-11-19T15:21:54.897,70,22,30,17,30,31,40,READY,false
2022-11-20T00:00:00,2022-11-20T14:49:22.408,67,19,30,15,30,33,40,READY,false
2022-11-21T00:00:00,2022-11-21T14:23:42.804,73,23,30,17,30,33,40,READY,false
2022-11-22T00:00:00,2022-11-22T14:06:17.148,86,24,30,27,30,35,40,READY,false
2022-11-23T00:00:00,2022-11-23T14:08:09.937,76,23,30,18,30,35,40,READY,false
2022-11-24T00:00:00,2022-11-24T15:30:53.643,80,23,30,20,30,37,40,READY,false
2022-11-25T00:00:00,2022-11-25T14:44:57.481,80,25,30,23,30,32,40,READY,false
2022-11-26T00:00:00,2022-11-26T16:22:33.147,80,24,30,22,30,34,40,READY,false
2022-11-27T00:00:00,2022-11-27T15:26:28.399,74,21,30,23,30,30,40,READY,false
2022-11-28T00:00:00,2022-11-28T21:19:06.028,76,23,30,23,30,30,40,READY,false
2022-11-29T00:00:00,2022-11-29T14:07:38.313,74,21,30,23,30,30,40,READY,false
2022-11-30T00:00:00,2022-11-30T14:03:26.873,75,23,30,22,30,30,40,READY,false
2022-12-01T00:00:00,2022-12-01T11:37:21.578,73,21,30,16,30,36,40,READY,false
2022-12-02T00:00:00,2022-12-02T15:02:26.202,76,22,30,22,30,32,40,READY,false
2022-12-03T00:00:00,2022-12-03T14:40:39.262,77,21,30,26,30,30,40,READY,false
2022-12-04T00:00:00,2022-12-04T14:45:58.955,72,21,30,21,30,30,40,READY,false
2022-12-05T00:00:00,2022-12-05T14:02:08.892,76,22,30,24,30,30,40,READY,false
2022-12-06T00:00:00,2022-12-06T14:34:13.033,67,21,30,17,30,29,40,READY,false
2022-12-07T00:00:00,2022-12-07T15:28:20.711,67,23,30,15,30,29,40,READY,false
2022-12-08T00:00:00,2022-12-08T14:37:33.074,73,21,30,19,30,33,40,READY,false
2022-12-09T00:00:00,2022-12-10T02:08:48.827,68,19,30,19,30,30,40,READY,false
2022-12-10T00:00:00,2022-12-10T15:07:06.428,76,19,30,28,30,29,40,READY,false
2022-12-11T00:00:00,2022-12-11T15:15:16.749,70,20,30,20,30,30,40,READY,false
2022-12-12T00:00:00,2022-12-12T15:26:15.798,70,23,30,17,30,30,40,READY,false
2022-12-13T00:00:00,2022-12-13T16:36:01.859,71,22,30,19,30,30,40,READY,false
2022-12-15T00:00:00,2022-12-15T15:34:34.971,0,0,0,0,0,0,0,NO_DATA,true
2022-12-16T00:00:00,2022-12-16T14:25:13.733,77,21,30,23,30,33,40,READY,false
2022-12-17T00:00:00,2022-12-17T16:37:11.241,77,23,30,21,30,33,40,READY,false
2022-12-18T00:00:00,2022-12-19T01:48:48.838,71,19,30,19,30,33,40,READY,false
2022-12-19T00:00:00,2022-12-19T13:42:27.515,71,22,30,19,30,30,40,READY,false
2022-12-20T00:00:00,2022-12-20T15:28:10.368,75,22,30,23,30,30,40,READY,false
2022-12-21T00:00:00,2022-12-21T13:55:10.387,68,21,30,15,30,32,40,READY,false
2022-12-22T00:00:00,2022-12-22T13:42:05.341,74,23,30,13,30,38,40,READY,false
2022-12-23T00:00:00,2022-12-23T17:42:40.141,79,23,30,26,30,30,40,READY,false
2022-12-24T00:00:00,2022-12-24T16:22:53.907,79,22,30,25,30,32,40,READY,false
2022-12-25T00:00:00,2022-12-25T17:10:55.159,76,21,30,23,30,32,40,READY,false
2022-12-26T00:00:00,2022-12-26T17:43:13.908,72,23,30,19,30,30,40,READY,false
2022-12-27T00:00:00,2022-12-27T16:26:52.902,70,22,30,18,30,30,40,READY,false
2022-12-28T00:00:00,2022-12-28T16:51:14.325,82,23,30,24,30,35,40,READY,false
2022-12-29T00:00:00,2022-12-29T17:13:00.348,66,24,30,20,30,22,40,READY,false
2022-12-30T00:00:00,2022-12-30T17:28:54.584,66,21,30,25,30,20,40,READY,false
2022-12-31T00:00:00,2022-12-31T15:58:59.324,59,21,30,17,30,21,40,READY,false
2023-01-01T00:00:00,2023-01-01T18:27:56.318,0,0,0,0,0,0,0,NO_DATA,true
2023-01-02T00:00:00,2023-01-02T18:59:34.803,0,0,0,0,0,0,0,NO_DATA,true
2023-01-03T00:00:00,2023-01-03T16:26:30.697,70,22,30,27,30,21,40,READY,false
2023-01-05T00:00:00,2023-01-05T17:01:21.304,0,0,0,0,0,0,0,NO_DATA,true
2023-01-06T00:00:00,2023-01-06T16:42:30.604,71,23,30,26,30,22,40,READY,false
2023-01-07T00:00:00,2023-01-07T17:02:18.998,63,17,30,19,30,27,40,READY,false
2023-01-08T00:00:00,2023-01-08T17:46:34.054,61,20,30,19,30,22,40,READY,false
2023-01-09T00:00:00,2023-01-09T16:50:17.464,68,18,30,27,30,23,40,READY,false
2023-01-10T00:00:00,2023-01-10T15:24:30.995,68,23,30,23,30,22,40,READY,false
2023-01-11T00:00:00,2023-01-11T13:48:40.39,72,24,30,15,30,33,40,READY,false
2023-01-12T00:00:00,2023-01-12T16:45:09.308,79,21,30,24,30,34,40,READY,false
2023-01-13T00:00:00,2023-01-13T16:30:42.065,79,21,30,26,30,32,40,READY,false
2023-01-14T00:00:00,2023-01-14T17:13:23.138,86,22,30,28,30,36,40,READY,false
2023-01-15T00:00:00,2023-01-15T16:31:03.328,82,24,30,28,30,30,40,READY,false
2023-01-16T00:00:00,2023-01-16T15:04:15.33,73,25,30,18,30,30,40,READY,false
2023-01-17T00:00:00,2023-01-17T14:27:43.149,75,22,30,23,30,30,40,READY,false
2023-01-18T00:00:00,2023-01-18T14:17:33.019,75,21,30,19,30,35,40,READY,false
2023-01-19T00:00:00,2023-01-19T15:45:55.242,73,23,30,18,30,32,40,READY,false
2023-01-20T00:00:00,2023-01-20T15:37:11.878,74,21,30,23,30,30,40,READY,false
2023-01-21T00:00:00,2023-01-21T17:21:06.083,73,21,30,21,30,31,40,READY,false
2023-01-22T00:00:00,2023-01-22T17:13:18.788,75,22,30,22,30,31,40,READY,false
2023-01-23T00:00:00,2023-01-23T15:06:01.71,74,21,30,17,30,36,40,READY,false
2023-01-24T00:00:00,2023-01-24T14:41:27.755,69,22,30,15,30,32,40,READY,false
2023-01-25T00:00:00,2023-01-25T14:03:06.86,80,25,30,16,30,39,40,READY,false
2023-01-26T00:00:00,2023-01-26T15:04:18.37,79,23,30,23,30,33,40,READY,false
2023-01-27T00:00:00,2023-01-28T01:38:26.695,74,21,30,21,30,32,40,READY,false
2023-01-28T00:00:00,2023-01-28T22:36:53.903,63,18,30,15,30,30,40,READY,false
2023-01-29T00:00:00,2023-01-29T17:54:47.318,62,15,30,17,30,30,40,READY,false
2023-01-30T00:00:00,2023-01-30T16:45:05.815,0,0,0,0,0,0,0,NO_DATA,true
2023-01-31T00:00:00,2023-01-31T14:29:51.342,73,21,30,23,30,29,40,READY,false
2023-02-01T00:00:00,2023-02-01T14:30:55.91,62,21,30,22,30,19,40,READY,false
2023-02-02T00:00:00,2023-02-02T13:12:41.499,66,23,30,21,30,22,40,READY,false
2023-02-03T00:00:00,2023-02-03T14:41:08.322,67,23,30,20,30,24,40,READY,false
2023-02-04T00:00:00,2023-02-04T15:33:53.298,65,19,30,20,30,26,40,READY,false
2023-02-05T00:00:00,2023-02-05T14:59:29.895,65,24,30,15,30,26,40,READY,false
2023-02-06T00:00:00,2023-02-06T12:30:32.588,69,21,30,22,30,26,40,READY,false
2023-02-07T00:00:00,2023-02-07T12:45:53.162,71,25,30,23,30,23,40,READY,false
2023-02-08T00:00:00,2023-02-08T13:35:19.736,75,24,30,17,30,34,40,READY,false
2023-02-09T00:00:00,2023-02-09T13:30:37.568,75,22,30,22,30,31,40,READY,false
2023-02-10T00:00:00,2023-02-10T12:45:06.865,76,25,30,21,30,30,40,READY,false
2023-02-11T00:00:00,2023-02-11T14:12:02.784,74,23,30,22,30,29,40,READY,false
2023-02-12T00:00:00,2023-02-12T13:51:44.134,79,25,30,25,30,29,40,READY,false
2023-02-13T00:00:00,2023-02-13T14:02:28.936,71,20,30,16,30,35,40,READY,false
2023-02-14T00:00:00,2023-02-14T13:54:45.762,73,23,30,19,30,31,40,READY,false
2023-02-15T00:00:00,2023-02-15T13:52:36.181,74,19,30,15,30,40,40,READY,false
2023-02-16T00:00:00,2023-02-16T13:53:41.329,86,22,30,26,30,38,40,READY,false
2023-02-17T00:00:00,2023-02-17T15:27:53.68,79,21,30,24,30,34,40,READY,false
2023-02-18T00:00:00,2023-02-18T14:37:17.536,81,21,30,28,30,32,40,READY,false
2023-02-19T00:00:00,2023-02-19T16:10:27.702,0,0,0,0,0,0,0,NO_DATA,true
2023-02-20T00:00:00,2023-02-20T14:26:33.733,75,23,30,21,30,31,40,READY,false
2023-02-21T00:00:00,2023-02-21T12:30:34.018,81,24,30,26,30,31,40,READY,false
2023-02-22T00:00:00,2023-02-22T13:14:49.521,75,21,30,17,30,37,40,READY,false
2023-02-23T00:00:00,2023-02-23T14:09:09.789,74,22,30,19,30,33,40,READY,false
2023-02-24T00:00:00,2023-02-24T14:37:59.678,74,23,30,21,30,30,40,READY,false
2023-02-25T00:00:00,2023-02-25T15:31:12.715,76,23,30,21,30,32,40,READY,false
2023-02-26T00:00:00,2023-02-26T16:48:55.169,77,22,30,23,30,32,40,READY,false
2023-02-27T00:00:00,2023-02-27T15:33:41.373,77,21,30,26,30,30,40,READY,false
2023-02-28T00:00:00,2023-02-28T13:30:45.724,72,22,30,17,30,33,40,READY,false
2023-03-01T00:00:00,2023-03-01T13:33:01.164,81,26,30,16,30,39,40,READY,false
2023-03-02T00:00:00,2023-03-02T14:03:06.077,71,22,30,16,30,33,40,READY,false
2023-03-04T00:00:00,2023-03-04T14:40:44.884,0,0,0,0,0,0,0,NO_DATA,true
2023-03-05T00:00:00,2023-03-05T15:23:47.112,80,24,30,19,30,37,40,READY,false
2023-03-06T00:00:00,2023-03-06T14:01:03.391,76,23,30,24,30,29,40,READY,false
2023-03-07T00:00:00,2023-03-07T14:51:45.954,71,24,30,17,30,30,40,READY,false
2023-03-08T00:00:00,2023-03-08T13:28:45.425,63,16,30,17,30,30,40,READY,false
2023-03-09T00:00:00,2023-03-09T16:30:20.44,67,21,30,16,30,30,40,READY,false
2023-03-10T00:00:00,2023-03-10T15:49:12.194,76,23,30,24,30,29,40,READY,false
2023-03-13T00:00:00,2023-03-14T02:45:54.357,0,0,0,0,0,0,0,NO_DATA,true
2023-03-14T00:00:00,2023-03-14T11:50:12.382,0,0,0,0,0,0,0,NO_DATA,true
2023-03-15T00:00:00,2023-03-15T12:43:03.475,66,24,30,21,30,21,40,READY,false
2023-03-16T00:00:00,2023-03-16T13:44:20.333,65,23,30,21,30,21,40,READY,false
2023-03-19T00:00:00,2023-03-19T14:32:38.277,0,0,0,0,0,0,0,NO_DATA,true
2023-03-20T00:00:00,2023-03-20T13:11:33.568,71,21,30,16,30,34,40,READY,false
2023-03-21T00:00:00,2023-03-21T13:00:29.41,72,21,30,20,30,31,40,READY,false
2023-03-22T00:00:00,2023-03-22T12:48:35.269,75,21,30,15,30,39,40,READY,false
2023-03-23T00:00:00,2023-03-24T01:14:46.705,77,21,30,24,30,32,40,READY,false
2023-03-24T00:00:00,2023-03-24T13:54:39.956,81,25,30,22,30,34,40,READY,false
2023-03-27T00:00:00,2023-03-27T15:02:29.824,0,0,0,0,0,0,0,NO_DATA,true
2023-03-28T00:00:00,2023-03-28T13:17:53.186,77,23,30,24,30,30,40,READY,false
2023-03-29T00:00:00,2023-03-29T14:08:21.835,69,21,30,14,30,34,40,READY,false
2023-03-30T00:00:00,2023-03-30T13:46:27.122,71,21,30,20,30,30,40,READY,false
2023-03-31T00:00:00,2023-03-31T14:47:52.781,74,23,30,21,30,30,40,READY,false
2023-04-04T00:00:00,2023-04-04T13:57:39.129,0,0,0,0,0,0,0,NO_DATA,true
2023-04-05T00:00:00,2023-04-05T11:50:39.551,71,23,30,15,30,33,40,READY,false
2023-04-06T00:00:00,2023-04-06T16:02:13.443,71,19,30,21,30,31,40,READY,false
2023-04-07T00:00:00,2023-04-07T14:39:41.361,69,22,30,18,30,29,40,READY,false
2023-04-08T00:00:00,2023-04-08T13:50:38.256,79,23,30,27,30,29,40,READY,false
2023-04-09T00:00:00,2023-04-09T15:27:50.769,75,23,30,22,30,30,40,READY,false
2023-04-10T00:00:00,2023-04-10T13:31:43.952,73,24,30,20,30,29,40,READY,false
2023-04-11T00:00:00,2023-04-11T11:45:33.752,76,23,30,16,30,37,40,READY,false
2023-04-12T00:00:00,2023-04-12T12:52:44.211,68,21,30,20,30,27,40,READY,false
2023-04-13T00:00:00,2023-04-13T15:23:09.166,65,22,30,18,30,25,40,READY,false
2023-04-14T00:00:00,2023-04-14T11:39:04.394,63,20,30,15,30,28,40,READY,false
2023-04-15T00:00:00,2023-04-15T13:48:01.031,72,19,30,15,30,38,40,READY,false
2023-04-16T00:00:00,2023-04-16T16:13:57.475,72,21,30,19,30,32,40,READY,false
2023-04-17T00:00:00,2023-04-17T13:35:10.204,77,22,30,25,30,30,40,READY,false
2023-04-18T00:00:00,2023-04-18T15:02:34.885,81,21,30,23,30,37,40,READY,false
2023-04-19T00:00:00,2023-04-19T14:10:19.86,70,21,30,16,30,33,40,READY,false
2023-04-20T00:00:00,2023-04-20T14:21:04.147,78,22,30,20,30,36,40,READY,false
2023-04-21T00:00:00,2023-04-21T13:22:12.805,67,22,30,15,30,30,40,READY,false
2023-04-22T00:00:00,2023-04-22T15:10:22.942,70,19,30,18,30,33,40,READY,false
2023-04-23T00:00:00,2023-04-23T15:44:13.7,75,22,30,23,30,30,40,READY,false
2023-04-24T00:00:00,2023-04-24T15:31:37.067,77,19,30,26,30,32,40,READY,false
2023-04-25T00:00:00,2023-04-25T15:40:41.442,77,18,30,23,30,36,40,READY,false
2023-04-26T00:00:00,2023-04-26T14:28:39.44,71,21,30,23,30,27,40,READY,false
2023-04-27T00:00:00,2023-04-27T12:50:48.91,66,21,30,16,30,29,40,READY,false
2023-04-28T00:00:00,2023-04-28T11:11:19.393,66,21,30,17,30,28,40,READY,false
2023-04-29T00:00:00,2023-04-29T14:45:01.794,65,19,30,17,30,29,40,READY,false
2023-04-30T00:00:00,2023-04-30T13:44:28.492,71,22,30,23,30,26,40,READY,false
2023-05-03T00:00:00,2023-05-03T13:13:53.436,0,0,0,0,0,0,0,NO_DATA,true
2023-05-04T00:00:00,2023-05-04T13:15:15.468,68,22,30,18,30,28,40,READY,false
2023-05-05T00:00:00,2023-05-05T10:52:01.998,70,23,30,21,30,26,40,READY,false
2023-05-06T00:00:00,2023-05-06T13:40:38.576,70,24,30,19,30,27,40,READY,false
2023-05-07T00:00:00,2023-05-07T14:07:18.952,69,22,30,22,30,25,40,READY,false
2023-05-08T00:00:00,2023-05-08T13:09:33.188,68,22,30,23,30,23,40,READY,false
2023-05-09T00:00:00,2023-05-09T13:27:01.294,72,22,30,20,30,30,40,READY,false
2023-05-10T00:00:00,2023-05-10T13:12:28.692,0,0,0,0,0,0,0,NO_DATA,true
2023-05-11T00:00:00,2023-05-11T12:05:30.345,72,20,30,16,30,36,40,READY,false
2023-05-12T00:00:00,2023-05-12T11:20:23.003,77,23,30,23,30,31,40,READY,false
2023-05-13T00:00:00,2023-05-13T13:22:29.018,80,22,30,22,30,36,40,READY,false
2023-05-14T00:00:00,2023-05-14T14:13:37.884,69,23,30,17,30,29,40,READY,false
2023-05-15T00:00:00,2023-05-15T13:37:53.069,79,23,30,27,30,29,40,READY,false
2023-05-16T00:00:00,2023-05-16T13:05:34.401,70,25,30,16,30,29,40,READY,false
2023-05-17T00:00:00,2023-05-17T13:14:49.644,73,25,30,18,30,30,40,READY,false
2023-05-18T00:00:00,2023-05-18T13:45:00.729,67,22,30,15,30,30,40,READY,false
2023-05-19T00:00:00,2023-05-19T15:39:47.244,70,22,30,19,30,29,40,READY,false
2023-05-20T00:00:00,2023-05-20T15:43:48.283,67,24,30,18,30,25,40,READY,false
2023-05-21T00:00:00,2023-05-21T15:39:02.645,68,23,30,17,30,28,40,READY,false
2023-05-22T00:00:00,2023-05-22T14:03:22.85,74,21,30,17,30,36,40,READY,false
2023-05-23T00:00:00,2023-05-23T14:07:03.501,71,23,30,18,30,30,40,READY,false
2023-05-24T00:00:00,2023-05-24T13:44:42.425,74,23,30,19,30,32,40,READY,false
2023-05-25T00:00:00,2023-05-25T10:31:45.772,84,26,30,19,30,39,40,READY,false
2023-05-26T00:00:00,2023-05-26T11:49:27.424,73,20,30,16,30,37,40,READY,false
2023-05-27T00:00:00,2023-05-27T11:45:01.651,77,17,30,28,30,32,40,READY,false
2023-05-28T00:00:00,2023-05-28T14:54:01.327,78,21,30,24,30,33,40,READY,false
2023-05-29T00:00:00,2023-05-29T13:07:24.451,76,22,30,20,30,34,40,READY,false
2023-05-30T00:00:00,2023-05-30T13:06:06.021,80,24,30,16,30,40,40,READY,false
2023-05-31T00:00:00,2023-05-31T12:59:27.543,77,24,30,21,30,32,40,READY,false
2023-06-01T00:00:00,2023-06-01T13:33:46.676,77,24,30,16,30,37,40,READY,false
2023-06-02T00:00:00,2023-06-02T12:54:06.249,85,24,30,23,30,38,40,READY,false
2023-06-03T00:00:00,2023-06-03T13:54:25.13,77,22,30,25,30,30,40,READY,false
2023-06-04T00:00:00,2023-06-04T15:02:43.597,73,21,30,22,30,30,40,READY,false
2023-06-05T00:00:00,2023-06-05T13:26:32.495,72,24,30,16,30,32,40,READY,false
2023-06-06T00:00:00,2023-06-06T13:01:15.928,77,24,30,22,30,31,40,READY,false
2023-06-07T00:00:00,2023-06-07T11:40:35.253,77,24,30,24,30,29,40,READY,false
2023-06-08T00:00:00,2023-06-08T12:29:40.519,72,24,30,19,30,29,40,READY,false
2023-06-09T00:00:00,2023-06-09T12:42:18.002,64,16,30,21,30,27,40,READY,false
2023-06-10T00:00:00,2023-06-10T11:56:16.852,70,22,30,23,30,25,40,READY,false
2023-06-11T00:00:00,2023-06-11T12:42:14.809,73,23,30,21,30,29,40,READY,false
2023-06-12T00:00:00,2023-06-12T15:48:10.702,60,16,30,23,30,21,40,READY,false
2023-06-13T00:00:00,2023-06-13T13:41:35.325,68,22,30,23,30,23,40,READY,false
2023-06-14T00:00:00,2023-06-14T13:38:15.786,66,22,30,19,30,25,40,READY,false
2023-06-15T00:00:00,2023-06-15T12:06:44.923,69,24,30,16,30,29,40,READY,false
2023-06-16T00:00:00,2023-06-16T11:58:42.534,70,23,30,20,30,27,40,READY,false
2023-06-17T00:00:00,2023-06-17T15:01:51.35,69,21,30,23,30,25,40,READY,false
2023-06-18T00:00:00,2023-06-18T12:10:37.1,69,23,30,21,30,25,40,READY,false
2023-06-19T00:00:00,2023-06-19T12:17:52.217,74,24,30,20,30,30,40,READY,false
2023-06-20T00:00:00,2023-06-20T12:47:50.352,79,25,30,27,30,27,40,READY,false
2023-06-21T00:00:00,2023-06-21T11:22:24.788,70,18,30,23,30,29,40,READY,false
2023-06-22T00:00:00,2023-06-22T12:10:07.49,72,21,30,16,30,35,40,READY,false
2023-06-23T00:00:00,2023-06-23T13:41:54.497,73,22,30,21,30,30,40,READY,false
2023-06-24T00:00:00,2023-06-24T15:28:17.167,75,22,30,24,30,29,40,READY,false
2023-06-25T00:00:00,2023-06-25T14:12:24.32,70,21,30,20,30,29,40,READY,false
2023-06-26T00:00:00,2023-06-26T13:42:47.127,72,21,30,19,30,32,40,READY,false
2023-06-27T00:00:00,2023-06-27T13:12:19.628,80,25,30,17,30,38,40,READY,false
2023-06-28T00:00:00,2023-06-28T13:01:36.271,73,21,30,22,30,30,40,READY,false
2023-06-29T00:00:00,2023-06-29T12:44:29.373,76,22,30,17,30,37,40,READY,false
2023-06-30T00:00:00,2023-06-30T14:19:51.27,75,21,30,23,30,31,40,READY,false
2023-07-01T00:00:00,2023-07-01T15:21:07.228,72,19,30,23,30,30,40,READY,false
2023-07-02T00:00:00,2023-07-02T14:54:45.431,0,0,0,0,0,0,0,NO_DATA,true
2023-07-03T00:00:00,2023-07-03T13:05:28.379,68,18,30,23,30,27,40,READY,false
2023-07-04T00:00:00,2023-07-04T15:47:05.352,65,21,30,20,30,24,40,READY,false
2023-07-05T00:00:00,2023-07-05T22:29:20.07,57,19,30,16,30,22,40,READY,false
2023-07-06T00:00:00,2023-07-07T01:43:47.146,55,15,30,12,30,28,40,READY,false
2023-07-07T00:00:00,2023-07-07T12:44:53.103,60,20,30,15,30,25,40,READY,false
2023-07-08T00:00:00,2023-07-08T14:36:35.25,73,25,30,23,30,25,40,READY,false
2023-07-09T00:00:00,2023-07-09T15:52:08.857,75,24,30,27,30,24,40,READY,false
2023-07-10T00:00:00,2023-07-10T12:43:17.18,65,23,30,17,30,25,40,READY,false
2023-07-11T00:00:00,2023-07-11T13:31:06.586,72,23,30,23,30,26,40,READY,false
2023-07-12T00:00:00,2023-07-12T11:43:41.01,67,23,30,18,30,26,40,READY,false
2023-07-13T00:00:00,2023-07-13T12:33:44.579,66,23,30,15,30,28,40,READY,false
2023-07-14T00:00:00,2023-07-14T15:32:51.233,71,22,30,23,30,26,40,READY,false
2023-07-15T00:00:00,2023-07-15T15:57:26.218,71,23,30,25,30,23,40,READY,false
2023-07-19T00:00:00,2023-07-19T12:58:52.429,0,0,0,0,0,0,0,NO_DATA,true
2023-07-20T00:00:00,2023-07-20T11:43:35.548,66,22,30,15,30,29,40,READY,false
2023-07-21T00:00:00,2023-07-21T12:21:37.808,72,21,30,23,30,28,40,READY,false
2023-07-22T00:00:00,2023-07-22T13:48:34.973,75,23,30,25,30,27,40,READY,false
2023-07-23T00:00:00,2023-07-23T14:30:30.498,73,21,30,25,30,27,40,READY,false
2023-07-24T00:00:00,2023-07-24T13:33:16.296,77,22,30,27,30,28,40,READY,false
2023-07-25T00:00:00,2023-07-25T13:16:59.948,73,21,30,26,30,26,40,READY,false
2023-07-26T00:00:00,2023-07-26T12:34:09.46,73,22,30,22,30,29,40,READY,false
2023-07-27T00:00:00,2023-07-27T12:17:01.316,67,19,30,17,30,31,40,READY,false
2023-07-28T00:00:00,2023-07-28T13:28:15.779,70,22,30,20,30,28,40,READY,false
2023-07-29T00:00:00,2023-07-29T14:20:24.514,70,21,30,19,30,30,40,READY,false
2023-07-30T00:00:00,2023-07-30T14:42:40.272,73,24,30,17,30,32,40,READY,false
2023-07-31T00:00:00,2023-07-31T13:00:46.532,75,22,30,23,30,30,40,READY,false
2023-08-01T00:00:00,2023-08-01T13:22:17.25,75,22,30,23,30,30,40,READY,false
2023-08-02T00:00:00,2023-08-02T11:50:04.965,77,22,30,25,30,30,40,READY,false
2023-08-03T00:00:00,2023-08-03T11:35:41.95,69,23,30,20,30,26,40,READY,false
2023-08-04T00:00:00,2023-08-04T13:15:46.277,73,24,30,16,30,33,40,READY,false
2023-08-05T00:00:00,2023-08-05T13:15:41.864,79,23,30,25,30,31,40,READY,false
2023-08-06T00:00:00,2023-08-06T15:12:38.988,77,22,30,26,30,29,40,READY,false
2023-08-07T00:00:00,2023-08-07T15:00:04.233,68,22,30,16,30,30,40,READY,false
2023-08-08T00:00:00,2023-08-08T11:57:54.065,77,24,30,23,30,30,40,READY,false
2023-08-09T00:00:00,2023-08-09T12:49:55.032,76,22,30,24,30,30,40,READY,false
2023-08-10T00:00:00,2023-08-10T12:20:53.728,78,21,30,17,30,40,40,READY,false
2023-08-11T00:00:00,2023-08-11T14:22:06.908,79,19,30,25,30,35,40,READY,false
2023-08-12T00:00:00,2023-08-12T14:57:07.612,82,21,30,23,30,38,40,READY,false
2023-08-13T00:00:00,2023-08-13T15:04:12.19,74,25,30,19,30,30,40,READY,false
2023-08-14T00:00:00,2023-08-14T13:09:48.428,79,22,30,22,30,35,40,READY,false
2023-08-15T00:00:00,2023-08-15T14:38:12.45,72,22,30,18,30,32,40,READY,false
2023-08-16T00:00:00,2023-08-16T14:14:54.092,74,20,30,24,30,30,40,READY,false
2023-08-17T00:00:00,2023-08-17T13:51:45.856,77,23,30,17,30,37,40,READY,false
2023-08-18T00:00:00,2023-08-18T13:42:54.881,77,21,30,21,30,35,40,READY,false
2023-08-19T00:00:00,2023-08-19T14:41:32.929,78,22,30,24,30,32,40,READY,false
2023-08-20T00:00:00,2023-08-20T14:33:18.411,73,20,30,21,30,32,40,READY,false
2023-08-21T00:00:00,2023-08-21T12:04:32.413,80,21,30,22,30,37,40,READY,false
2023-08-22T00:00:00,2023-08-22T12:48:58.931,78,23,30,22,30,33,40,READY,false
2023-08-23T00:00:00,2023-08-23T13:26:13.9,74,21,30,23,30,30,40,READY,false
2023-08-24T00:00:00,2023-08-24T13:05:24.377,66,21,30,15,30,30,40,READY,false
2023-08-25T00:00:00,2023-08-25T22:42:04.722,0,0,0,0,0,0,0,NO_DATA,true
2023-08-26T00:00:00,2023-08-26T15:02:00.48,64,21,30,21,30,22,40,READY,false
2023-08-27T00:00:00,2023-08-27T14:42:55.118,67,20,30,25,30,22,40,READY,false
2023-08-28T00:00:00,2023-08-28T14:15:54.817,69,23,30,24,30,22,40,READY,false
2023-08-29T00:00:00,2023-08-29T13:47:16.469,65,20,30,15,30,30,40,READY,false
2023-08-30T00:00:00,2023-08-30T11:49:10.896,68,21,30,17,30,30,40,READY,false
2023-08-31T00:00:00,2023-08-31T13:05:17.87,75,24,30,16,30,35,40,READY,false
2023-09-01T00:00:00,2023-09-01T13:43:38.865,68,21,30,18,30,29,40,READY,false
2023-09-02T00:00:00,2023-09-02T15:10:50.96,67,19,30,16,30,32,40,READY,false
2023-09-03T00:00:00,2023-09-03T13:46:55.725,69,19,30,19,30,31,40,READY,false
2023-09-04T00:00:00,2023-09-04T10:54:38.713,79,22,30,17,30,40,40,READY,false
2023-09-05T00:00:00,2023-09-05T12:01:46.577,79,21,30,18,30,40,40,READY,false
2023-09-06T00:00:00,2023-09-06T13:01:16.47,71,20,30,16,30,35,40,READY,false
2023-09-07T00:00:00,2023-09-07T12:01:29.284,77,22,30,15,30,40,40,READY,false
2023-09-08T00:00:00,2023-09-08T13:40:16.088,77,22,30,22,30,33,40,READY,false
2023-09-09T00:00:00,2023-09-09T13:10:27.566,75,23,30,21,30,31,40,READY,false
2023-09-10T00:00:00,2023-09-10T14:32:28.956,76,22,30,23,30,31,40,READY,false
2023-09-11T00:00:00,2023-09-11T11:33:20.369,77,23,30,24,30,30,40,READY,false
2023-09-12T00:00:00,2023-09-12T12:14:38.789,73,21,30,20,30,32,40,READY,false
2023-09-13T00:00:00,2023-09-13T13:26:52.068,73,22,30,18,30,33,40,READY,false
2023-09-14T00:00:00,2023-09-14T11:29:27.667,74,24,30,13,30,37,40,READY,false
2023-09-15T00:00:00,2023-09-15T12:44:06.18,70,22,30,16,30,32,40,READY,false
2023-09-16T00:00:00,2023-09-16T13:42:35.029,73,23,30,17,30,33,40,READY,false
2023-09-17T00:00:00,2023-09-17T13:38:57.887,78,20,30,21,30,37,40,READY,false
2023-09-18T00:00:00,2023-09-18T12:37:04.933,81,24,30,26,30,31,40,READY,false
2023-09-19T00:00:00,2023-09-19T12:01:00.964,70,21,30,17,30,32,40,READY,false
2023-09-20T00:00:00,2023-09-20T12:55:46.688,78,24,30,22,30,32,40,READY,false
2023-09-21T00:00:00,2023-09-21T12:35:11.119,73,21,30,15,30,37,40,READY,false
2023-09-22T00:00:00,2023-09-22T13:20:52.35,75,21,30,23,30,31,40,READY,false
2023-09-23T00:00:00,2023-09-23T14:40:18.905,73,25,30,15,30,33,40,READY,false
2023-09-24T00:00:00,2023-09-24T14:19:32.134,74,20,30,23,30,31,40,READY,false
2023-09-25T00:00:00,2023-09-25T13:56:45.229,73,20,30,23,30,30,40,READY,false
2023-09-26T00:00:00,2023-09-26T12:40:33.319,71,23,30,16,30,32,40,READY,false
2023-09-27T00:00:00,2023-09-27T11:45:58.081,78,24,30,23,30,31,40,READY,false
2023-09-28T00:00:00,2023-09-28T11:10:01.128,70,22,30,15,30,33,40,READY,false
2023-09-29T00:00:00,2023-09-29T13:08:10.155,75,22,30,23,30,30,40,READY,false
2023-09-30T00:00:00,2023-09-30T13:32:41.151,74,26,30,15,30,33,40,READY,false
2023-10-01T00:00:00,2023-10-01T14:11:57.063,74,21,30,23,30,30,40,READY,false
2023-10-02T00:00:00,2023-10-02T14:07:11.487,74,24,30,20,30,30,40,READY,false
2023-10-03T00:00:00,2023-10-03T13:08:45.752,73,25,30,16,30,32,40,READY,false
2023-10-04T00:00:00,2023-10-04T12:42:12.024,73,23,30,20,30,30,40,READY,false
2023-10-05T00:00:00,2023-10-05T12:47:26.534,74,24,30,17,30,33,40,READY,false
2023-10-06T00:00:00,2023-10-06T12:00:28.523,76,21,30,25,30,30,40,READY,false
2023-10-07T00:00:00,2023-10-07T14:06:06.079,72,23,30,18,30,31,40,READY,false
2023-10-08T00:00:00,2023-10-08T14:36:59.904,77,21,30,23,30,33,40,READY,false
2023-10-09T00:00:00,2023-10-09T15:41:56.693,77,22,30,26,30,29,40,READY,false
2023-10-10T00:00:00,2023-10-10T14:42:45.011,75,25,30,21,30,29,40,READY,false
2023-10-11T00:00:00,2023-10-11T14:22:25.92,75,22,30,24,30,29,40,READY,false
2023-10-12T00:00:00,2023-10-12T14:23:20.399,69,21,30,16,30,32,40,READY,false
2023-10-13T00:00:00,2023-10-13T14:07:45.987,72,23,30,20,30,29,40,READY,false
2023-10-14T00:00:00,2023-10-14T15:40:06.76,70,20,30,18,30,32,40,READY,false
2023-10-15T00:00:00,2023-10-15T14:50:44.05,72,22,30,20,30,30,40,READY,false
2023-10-16T00:00:00,2023-10-16T13:32:20.495,71,22,30,16,30,33,40,READY,false
2023-10-17T00:00:00,2023-10-17T12:34:12.344,71,23,30,15,30,33,40,READY,false
2023-10-18T00:00:00,2023-10-18T12:56:50.097,75,24,30,19,30,32,40,READY,false
2023-10-19T00:00:00,2023-10-19T12:46:12.548,74,22,30,17,30,35,40,READY,false
2023-10-20T00:00:00,2023-10-20T13:15:37.124,74,22,30,22,30,30,40,READY,false
2023-10-21T00:00:00,2023-10-21T14:02:25.055,68,20,30,17,30,31,40,READY,false
2023-10-22T00:00:00,2023-10-22T15:15:47.091,72,21,30,19,30,32,40,READY,false
2023-10-23T00:00:00,2023-10-23T14:02:17.572,72,21,30,21,30,30,40,READY,false
2023-10-24T00:00:00,2023-10-24T12:00:43.184,75,24,30,21,30,30,40,READY,false
2023-10-25T00:00:00,2023-10-25T12:12:24.57,81,23,30,28,30,30,40,READY,false
2023-10-26T00:00:00,2023-10-26T12:40:37.109,76,22,30,21,30,33,40,READY,false
2023-10-27T00:00:00,2023-10-27T12:45:14.451,70,19,30,21,30,30,40,READY,false
2023-10-28T00:00:00,2023-10-28T14:46:52.943,70,22,30,16,30,32,40,READY,false
2023-10-29T00:00:00,2023-10-29T11:46:28.54,74,23,30,21,30,30,40,READY,false
2023-10-30T00:00:00,2023-10-30T12:01:03.837,78,23,30,20,30,35,40,READY,false
2023-10-31T00:00:00,2023-10-31T12:15:39.515,68,22,30,15,30,31,40,READY,false
2023-11-01T00:00:00,2023-11-01T12:50:27.69,79,24,30,25,30,30,40,READY,false
2023-11-02T00:00:00,2023-11-02T11:15:38.133,78,21,30,25,30,32,40,READY,false
2023-11-03T00:00:00,2023-11-03T14:01:20.135,70,21,30,19,30,30,40,READY,false
2023-11-04T00:00:00,2023-11-04T14:57:14.785,65,19,30,16,30,30,40,READY,false
2023-11-05T00:00:00,2023-11-05T15:14:22.727,0,0,0,0,0,0,0,NO_DATA,true
2023-11-06T00:00:00,2023-11-06T13:06:07.504,0,0,0,0,0,0,0,NO_DATA,true
2023-11-07T00:00:00,2023-11-07T12:40:19.792,70,24,30,16,30,30,40,READY,false
2023-11-08T00:00:00,2023-11-08T13:25:43.275,72,20,30,21,30,31,40,READY,false
2023-11-09T00:00:00,2023-11-09T12:35:08.528,72,21,30,14,30,37,40,READY,false
2023-11-10T00:00:00,2023-11-10T13:18:03.204,75,21,30,23,30,31,40,READY,false
2023-11-11T00:00:00,2023-11-11T15:07:58.146,69,21,30,15,30,33,40,READY,false
2023-11-12T00:00:00,2023-11-12T16:02:43.095,68,19,30,19,30,30,40,READY,false
2023-11-13T00:00:00,2023-11-13T14:32:32.714,81,24,30,27,30,30,40,READY,false
2023-11-14T00:00:00,2023-11-14T13:45:35.222,75,23,30,20,30,32,40,READY,false
2023-11-16T00:00:00,2023-11-16T13:01:32.899,77,24,30,17,30,36,40,READY,false
2023-11-17T00:00:00,2023-11-17T14:03:20.639,71,19,30,20,30,32,40,READY,false
2023-11-18T00:00:00,2023-11-18T13:45:45.669,66,21,30,15,30,30,40,READY,false
2023-11-19T00:00:00,2023-11-19T15:00:14.483,72,18,30,23,30,31,40,READY,false
2023-11-20T00:00:00,2023-11-20T13:42:33.612,78,22,30,26,30,30,40,READY,false
2023-11-21T00:00:00,2023-11-21T13:53:21.622,76,22,30,25,30,29,40,READY,false
2023-11-22T00:00:00,2023-11-22T14:06:48.726,68,22,30,16,30,30,40,READY,false
2023-11-23T00:00:00,2023-11-23T12:44:38.831,73,23,30,17,30,33,40,READY,false
2023-11-24T00:00:00,2023-11-24T12:41:27.225,78,23,30,22,30,33,40,READY,false
2023-11-25T00:00:00,2023-11-25T14:53:35.435,70,22,30,15,30,33,40,READY,false
2023-11-26T00:00:00,2023-11-26T15:56:17.374,74,23,30,21,30,30,40,READY,false
2023-11-27T00:00:00,2023-11-27T14:21:06.153,71,23,30,19,30,29,40,READY,false
2023-11-28T00:00:00,2023-11-28T13:48:37.286,66,19,30,15,30,32,40,READY,false
2023-11-29T00:00:00,2023-11-29T13:59:24.942,73,23,30,17,30,33,40,READY,false
2023-11-30T00:00:00,2023-11-30T13:45:35.413,75,24,30,15,30,36,40,READY,false
2023-12-01T00:00:00,2023-12-01T13:47:33.403,74,22,30,21,30,31,40,READY,false
2023-12-02T00:00:00,2023-12-02T15:13:52.461,72,22,30,20,30,30,40,READY,false
2023-12-03T00:00:00,2023-12-03T15:27:23.124,76,23,30,21,30,32,40,READY,false
2023-12-04T00:00:00,2023-12-04T14:42:09.232,67,21,30,16,30,30,40,READY,false
2023-12-05T00:00:00,2023-12-05T15:46:13.118,72,21,30,21,30,30,40,READY,false
2023-12-06T00:00:00,2023-12-06T14:13:52.565,77,22,30,25,30,30,40,READY,false
2023-12-07T00:00:00,2023-12-07T13:55:21.839,75,24,30,18,30,33,40,READY,false
2023-12-08T00:00:00,2023-12-08T13:32:21.701,74,22,30,20,30,32,40,READY,false
2023-12-09T00:00:00,2023-12-09T17:05:27.199,66,15,30,19,30,32,40,READY,false
2023-12-10T00:00:00,2023-12-10T15:15:32.578,67,20,30,16,30,31,40,READY,false
2023-12-11T00:00:00,2023-12-11T15:01:20.121,79,23,30,26,30,30,40,READY,false
2023-12-12T00:00:00,2023-12-12T12:40:34.911,68,21,30,17,30,30,40,READY,false
2023-12-13T00:00:00,2023-12-13T14:13:51.034,77,23,30,22,30,32,40,READY,false
2023-12-14T00:00:00,2023-12-14T13:11:24.39,77,25,30,19,30,33,40,READY,false
2023-12-15T00:00:00,2023-12-15T12:54:11.789,78,24,30,23,30,31,40,READY,false
2023-12-16T00:00:00,2023-12-16T14:19:34.785,71,18,30,23,30,30,40,READY,false
2023-12-17T00:00:00,2023-12-17T15:02:42.402,77,19,30,23,30,35,40,READY,false
2023-12-18T00:00:00,2023-12-18T15:13:29.259,74,22,30,22,30,30,40,READY,false
2023-12-19T00:00:00,2023-12-19T14:51:52.697,73,23,30,21,30,29,40,READY,false
2023-12-20T00:00:00,2023-12-20T13:49:56.351,72,22,30,19,30,31,40,READY,false
2023-12-21T00:00:00,2023-12-21T16:00:52.302,70,24,30,26,30,20,40,READY,false
2023-12-22T00:00:00,2023-12-22T15:24:59.536,65,22,30,23,30,20,40,READY,false
2023-12-23T00:00:00,2023-12-23T17:00:50.827,71,20,30,28,30,23,40,READY,false
2023-12-24T00:00:00,2023-12-24T16:43:44.36,63,21,30,21,30,21,40,READY,false
2023-12-25T00:00:00,2023-12-25T16:34:00.275,62,23,30,18,30,21,40,READY,false
2023-12-26T00:00:00,2023-12-26T17:50:43.529,63,21,30,22,30,20,40,READY,false
2023-12-27T00:00:00,2023-12-27T15:37:35.326,61,21,30,19,30,21,40,READY,false
2023-12-28T00:00:00,2023-12-28T17:56:43.843,0,0,0,0,0,0,0,NO_DATA,true
2023-12-29T00:00:00,2023-12-29T16:32:13.833,58,20,30,19,30,19,40,READY,false
2023-12-30T00:00:00,2023-12-30T16:57:36.947,65,21,30,15,30,29,40,READY,false
2023-12-31T00:00:00,2023-12-31T17:05:36.856,71,20,30,19,30,32,40,READY,false
2024-01-01T00:00:00,2024-01-01T18:01:09.519,0,0,0,0,0,0,0,NO_DATA,true
2024-01-02T00:00:00,2024-01-02T18:04:44.839,0,0,0,0,0,0,0,NO_DATA,true
2024-01-03T00:00:00,2024-01-03T16:07:36.824,73,21,30,15,30,37,40,READY,false
2024-01-04T00:00:00,2024-01-04T17:42:15.706,75,21,30,22,30,32,40,READY,false
2024-01-05T00:00:00,2024-01-05T17:28:13.115,75,23,30,20,30,32,40,READY,false
2024-01-06T00:00:00,2024-01-06T18:02:07.388,0,0,0,0,0,0,0,NO_DATA,true
2024-01-07T00:00:00,2024-01-07T18:08:18.567,69,21,30,17,30,31,40,READY,false
2024-01-08T00:00:00,2024-01-08T13:45:04.096,70,18,30,19,30,33,40,READY,false
2024-01-09T00:00:00,2024-01-09T13:15:57.382,70,23,30,14,30,33,40,READY,false
2024-01-10T00:00:00,2024-01-10T13:34:23.677,78,23,30,15,30,40,40,READY,false
2024-01-11T00:00:00,2024-01-11T13:20:14.36,77,23,30,20,30,34,40,READY,false
2024-01-12T00:00:00,2024-01-12T14:33:16.204,77,23,30,22,30,32,40,READY,false
2024-01-13T00:00:00,2024-01-13T14:27:46.243,71,23,30,16,30,32,40,READY,false
2024-01-14T00:00:00,2024-01-14T14:11:18.771,71,21,30,18,30,32,40,READY,false
2024-01-15T00:00:00,2024-01-15T13:17:30.816,73,21,30,21,30,31,40,READY,false
2024-01-16T00:00:00,2024-01-16T13:33:22.879,71,22,30,16,30,33,40,READY,false
2024-01-17T00:00:00,2024-01-17T13:30:43.478,78,25,30,16,30,37,40,READY,false
2024-01-18T00:00:00,2024-01-18T13:40:41.323,73,22,30,18,30,33,40,READY,false
2024-01-19T00:00:00,2024-01-19T13:35:43.271,72,21,30,19,30,32,40,READY,false
2024-01-20T00:00:00,2024-01-20T15:24:36.232,70,22,30,16,30,32,40,READY,false
2024-01-21T00:00:00,2024-01-21T16:30:16.094,75,21,30,24,30,30,40,READY,false
2024-01-22T00:00:00,2024-01-22T13:30:54.795,69,20,30,17,30,32,40,READY,false
2024-01-23T00:00:00,2024-01-23T13:43:51.92,76,24,30,21,30,31,40,READY,false
2024-01-24T00:00:00,2024-01-24T13:59:54.635,76,23,30,17,30,36,40,READY,false
2024-01-25T00:00:00,2024-01-25T13:53:40.914,72,21,30,16,30,35,40,READY,false
2024-01-26T00:00:00,2024-01-26T12:31:11.016,79,23,30,24,30,32,40,READY,false
2024-01-27T00:00:00,2024-01-27T14:28:14.544,73,22,30,19,30,32,40,READY,false
2024-01-28T00:00:00,2024-01-28T14:05:25.139,72,22,30,20,30,30,40,READY,false
2024-01-29T00:00:00,2024-01-29T13:06:24.241,68,22,30,14,30,32,40,READY,false
2024-01-30T00:00:00,2024-01-30T13:40:22.47,70,19,30,20,30,31,40,READY,false
2024-01-31T00:00:00,2024-01-31T13:40:11.095,71,22,30,17,30,32,40,READY,false
2024-02-01T00:00:00,2024-02-01T13:10:19.104,69,23,30,15,30,31,40,READY,false
2024-02-02T00:00:00,2024-02-02T13:02:57.181,78,22,30,24,30,32,40,READY,false
2024-02-03T00:00:00,2024-02-03T14:02:44.962,71,21,30,17,30,33,40,READY,false
2024-02-04T00:00:00,2024-02-04T14:40:23.266,74,22,30,23,30,29,40,READY,false
2024-02-05T00:00:00,2024-02-05T13:16:03.342,69,24,30,15,30,30,40,READY,false
2024-02-06T00:00:00,2024-02-06T13:30:56.042,76,22,30,22,30,32,40,READY,false
2024-02-07T00:00:00,2024-02-07T13:11:50.422,78,23,30,19,30,36,40,READY,false
2024-02-08T00:00:00,2024-02-08T13:03:39.74,74,23,30,19,30,32,40,READY,false
2024-02-09T00:00:00,2024-02-09T13:09:43.082,76,23,30,18,30,35,40,READY,false
2024-02-10T00:00:00,2024-02-10T14:19:58.461,76,23,30,20,30,33,40,READY,false
2024-02-11T00:00:00,2024-02-11T13:27:59.516,70,21,30,18,30,31,40,READY,false
2024-02-12T00:00:00,2024-02-12T13:15:42.912,73,22,30,21,30,30,40,READY,false
2024-02-13T00:00:00,2024-02-13T12:13:28.996,67,18,30,20,30,29,40,READY,false
2024-02-14T00:00:00,2024-02-14T12:00:28.132,75,24,30,18,30,33,40,READY,false
2024-02-15T00:00:00,2024-02-15T12:29:39.581,75,21,30,23,30,31,40,READY,false
2024-02-16T00:00:00,2024-02-16T13:23:49.898,71,20,30,20,30,31,40,READY,false
2024-02-17T00:00:00,2024-02-17T13:40:28.088,69,23,30,15,30,31,40,READY,false
2024-02-18T00:00:00,2024-02-18T15:56:22.268,68,20,30,16,30,32,40,READY,false
2024-02-19T00:00:00,2024-02-19T15:32:07.102,78,24,30,25,30,29,40,READY,false
2024-02-20T00:00:00,2024-02-20T14:56:57.425,78,25,30,24,30,29,40,READY,false
2024-02-21T00:00:00,2024-02-21T15:28:14.605,73,22,30,19,30,32,40,READY,false
2024-02-22T00:00:00,2024-02-22T14:13:05.305,71,22,30,18,30,31,40,READY,false
2024-02-23T00:00:00,2024-02-23T13:32:57.987,72,23,30,17,30,32,40,READY,false
2024-02-24T00:00:00,2024-02-24T15:49:41.954,75,23,30,23,30,29,40,READY,false
2024-02-25T00:00:00,2024-02-25T15:22:44.858,67,20,30,18,30,29,40,READY,false
2024-02-26T00:00:00,2024-02-26T12:48:49.648,74,23,30,20,30,31,40,READY,false
2024-02-27T00:00:00,2024-02-27T13:51:29.818,72,21,30,20,30,31,40,READY,false
2024-02-28T00:00:00,2024-02-28T13:46:50.502,76,23,30,23,30,30,40,READY,false
2024-02-29T00:00:00,2024-02-29T13:01:42.227,74,23,30,19,30,32,40,READY,false
2024-03-01T00:00:00,2024-03-01T13:55:21.391,71,21,30,20,30,30,40,READY,false
2024-03-02T00:00:00,2024-03-02T14:11:57.237,73,23,30,19,30,31,40,READY,false
2024-03-03T00:00:00,2024-03-03T15:01:29.575,67,19,30,19,30,29,40,READY,false
2024-03-04T00:00:00,2024-03-04T14:12:36.031,66,22,30,14,30,30,40,READY,false
2024-03-05T00:00:00,2024-03-05T14:36:21.558,75,25,30,19,30,31,40,READY,false
2024-03-06T00:00:00,2024-03-06T12:54:40.404,70,21,30,16,30,33,40,READY,false
2024-03-07T00:00:00,2024-03-07T12:35:54.059,75,22,30,20,30,33,40,READY,false
2024-03-08T00:00:00,2024-03-08T13:25:55.668,85,21,30,27,30,37,40,READY,false
2024-03-09T00:00:00,2024-03-09T15:23:00.617,73,25,30,18,30,30,40,READY,false
2024-03-10T00:00:00,2024-03-10T14:54:58.734,71,22,30,20,30,29,40,READY,false
2024-03-11T00:00:00,2024-03-11T12:32:09.482,72,23,30,19,30,30,40,READY,false
2024-03-12T00:00:00,2024-03-12T14:24:02.424,65,17,30,17,30,31,40,READY,false
2024-03-13T00:00:00,2024-03-13T12:39:43.422,71,23,30,15,30,33,40,READY,false
2024-03-14T00:00:00,2024-03-14T14:15:40.581,72,21,30,20,30,31,40,READY,false
2024-03-15T00:00:00,2024-03-15T13:28:06.931,74,23,30,22,30,29,40,READY,false
2024-03-16T00:00:00,2024-03-16T15:17:56.76,69,22,30,18,30,29,40,READY,false
2024-03-17T00:00:00,2024-03-17T15:20:29.09,73,23,30,21,30,29,40,READY,false
2024-03-18T00:00:00,2024-03-18T13:11:59.319,71,25,30,15,30,31,40,READY,false
2024-03-19T00:00:00,2024-03-19T12:11:00.961,70,21,30,16,30,33,40,READY,false
2024-03-20T00:00:00,2024-03-20T13:05:03.964,77,23,30,16,30,38,40,READY,false
2024-03-21T00:00:00,2024-03-21T12:52:48.592,69,21,30,15,30,33,40,READY,false
2024-03-22T00:00:00,2024-03-22T13:25:49.333,73,21,30,20,30,32,40,READY,false
2024-03-23T00:00:00,2024-03-23T15:31:33.163,71,22,30,17,30,32,40,READY,false
2024-03-24T00:00:00,2024-03-24T14:47:59.195,76,24,30,20,30,32,40,READY,false
2024-03-25T00:00:00,2024-03-25T13:15:35.81,70,22,30,16,30,32,40,READY,false
2024-03-26T00:00:00,2024-03-26T13:01:31.153,79,23,30,25,30,31,40,READY,false
2024-03-27T00:00:00,2024-03-27T13:15:16.977,70,22,30,15,30,33,40,READY,false
2024-03-28T00:00:00,2024-03-28T13:15:17.064,70,22,30,16,30,32,40,READY,false
2024-03-29T00:00:00,2024-03-29T13:30:54.425,80,23,30,21,30,36,40,READY,false
2024-03-30T00:00:00,2024-03-30T13:48:27.186,78,23,30,23,30,32,40,READY,false
2024-03-31T00:00:00,2024-03-31T14:41:32.12,74,21,30,22,30,31,40,READY,false
2024-04-01T00:00:00,2024-04-01T13:16:22.263,70,20,30,20,30,30,40,READY,false
2024-04-02T00:00:00,2024-04-02T14:01:16.564,76,23,30,22,30,31,40,READY,false
2024-04-03T00:00:00,2024-04-03T12:45:53.927,74,25,30,18,30,31,40,READY,false
2024-04-04T00:00:00,2024-04-04T12:52:54.081,77,24,30,20,30,33,40,READY,false
2024-04-05T00:00:00,2024-04-05T13:47:28.428,75,24,30,20,30,31,40,READY,false
2024-04-06T00:00:00,2024-04-06T12:17:48.083,70,21,30,20,30,29,40,READY,false
2024-04-07T00:00:00,2024-04-07T15:29:06.732,69,21,30,18,30,30,40,READY,false
2024-04-08T00:00:00,2024-04-08T14:01:13.705,63,16,30,17,30,30,40,READY,false
2024-04-09T00:00:00,2024-04-09T13:12:01.293,71,21,30,20,30,30,40,READY,false
2024-04-10T00:00:00,2024-04-10T15:16:31.501,64,15,30,19,30,30,40,READY,false
2024-04-11T00:00:00,2024-04-11T14:13:59.219,76,24,30,23,30,29,40,READY,false
2024-04-12T00:00:00,2024-04-12T14:41:59.497,79,23,30,27,30,29,40,READY,false
2024-04-13T00:00:00,2024-04-13T15:16:50.286,77,24,30,23,30,30,40,READY,false
2024-04-14T00:00:00,2024-04-14T14:56:26.733,69,23,30,17,30,29,40,READY,false
2024-04-15T00:00:00,2024-04-15T12:13:32.468,67,21,30,22,30,24,40,READY,false
2024-04-16T00:00:00,2024-04-16T13:40:56.413,74,23,30,18,30,33,40,READY,false
2024-04-17T00:00:00,2024-04-17T14:03:27.511,76,22,30,23,30,31,40,READY,false
2024-04-18T00:00:00,2024-04-18T12:53:20.285,77,23,30,15,30,39,40,READY,false
2024-04-19T00:00:00,2024-04-20T02:30:19.401,78,23,30,23,30,32,40,READY,false
2024-04-20T00:00:00,2024-04-20T13:01:06.519,77,24,30,23,30,30,40,READY,false
2024-04-21T00:00:00,2024-04-21T15:47:50.65,70,20,30,20,30,30,40,READY,false
2024-04-22T00:00:00,2024-04-22T14:09:26.147,69,23,30,16,30,30,40,READY,false
2024-04-23T00:00:00,2024-04-23T14:45:49.472,71,18,30,15,30,38,40,READY,false
2024-04-24T00:00:00,2024-04-24T13:10:59.773,73,21,30,19,30,33,40,READY,false
2024-04-25T00:00:00,2024-04-25T12:31:41.656,71,21,30,15,30,35,40,READY,false
2024-04-26T00:00:00,2024-04-26T13:16:18.515,75,20,30,22,30,33,40,READY,false
2024-04-27T00:00:00,2024-04-27T15:39:19.932,76,21,30,24,30,31,40,READY,false
2024-04-28T00:00:00,2024-04-28T15:16:44.311,82,25,30,26,30,31,40,READY,false
2024-04-29T00:00:00,2024-04-29T14:29:58.704,72,22,30,20,30,30,40,READY,false
2024-04-30T00:00:00,2024-04-30T13:21:57.287,73,24,30,17,30,32,40,READY,false
2024-05-01T00:00:00,2024-05-01T13:13:22.957,73,23,30,18,30,32,40,READY,false
2024-05-02T00:00:00,2024-05-02T13:33:51.12,76,23,30,21,30,32,40,READY,false
2024-05-03T00:00:00,2024-05-03T13:01:39.413,76,23,30,22,30,31,40,READY,false
2024-05-04T00:00:00,2024-05-04T13:04:49.67,69,21,30,15,30,33,40,READY,false
2024-05-05T00:00:00,2024-05-05T13:41:51.902,74,20,30,16,30,38,40,READY,false
2024-05-06T00:00:00,2024-05-06T13:06:24.819,0,0,0,0,0,0,0,IN_PROGRESS,false
2024-05-07T00:00:00,2024-05-07T14:31:55.799,73,23,30,24,30,26,40,READY,false
2024-05-08T00:00:00,2024-05-08T13:05:07.571,74,22,30,27,30,25,40,READY,false
2024-05-09T00:00:00,2024-05-09T13:05:08.144,75,23,30,16,30,36,40,READY,false
2024-05-10T00:00:00,2024-05-10T14:36:40.278,71,21,30,19,30,31,40,READY,false
2024-05-11T00:00:00,2024-05-11T15:10:46.409,72,20,30,20,30,32,40,READY,false
2024-05-12T00:00:00,2024-05-12T15:58:34.817,71,21,30,18,30,32,40,READY,false
2024-05-13T00:00:00,2024-05-13T15:03:19.394,74,22,30,19,30,33,40,READY,false
2024-05-14T00:00:00,2024-05-14T13:50:21.218,77,21,30,18,30,38,40,READY,false
2024-05-15T00:00:00,2024-05-16T12:23:52.482,76,20,30,17,30,39,40,READY,false
2024-05-16T00:00:00,2024-05-16T12:25:32.275,72,20,30,16,30,36,40,READY,false
2024-05-17T00:00:00,2024-05-17T12:55:14.948,74,22,30,19,30,33,40,READY,false
2024-05-18T00:00:00,2024-05-18T16:08:55.047,66,16,30,20,30,30,40,READY,false
2024-05-19T00:00:00,2024-05-19T16:48:50.161,76,23,30,23,30,30,40,READY,false
2024-05-20T00:00:00,2024-05-20T10:01:07.335,69,22,30,16,30,31,40,READY,false
2024-05-21T00:00:00,2024-05-21T10:08:07.206,76,20,30,19,30,37,40,READY,false
2024-05-22T00:00:00,2024-05-22T10:23:30.524,70,21,30,15,30,34,40,READY,false
2024-05-23T00:00:00,2024-05-23T10:15:27.772,73,21,30,16,30,36,40,READY,false
2024-05-24T00:00:00,2024-05-24T11:00:17.156,80,22,30,20,30,38,40,READY,false
2024-05-25T00:00:00,2024-05-25T23:13:33.195,67,21,30,14,30,32,40,READY,false
2024-05-26T00:00:00,2024-05-26T14:34:24.592,72,21,30,20,30,31,40,READY,false
2024-05-27T00:00:00,2024-05-27T10:54:07.21,71,23,30,17,30,31,40,READY,false
2024-05-28T00:00:00,2024-05-28T10:30:14.848,76,24,30,16,30,36,40,READY,false
2024-05-29T00:00:00,2024-05-29T10:38:43.816,0,0,0,0,0,0,0,NO_DATA,true
2024-05-30T00:00:00,2024-05-30T10:25:36.593,73,21,30,17,30,35,40,READY,false
2024-05-31T00:00:00,2024-05-31T12:52:05.505,78,21,30,23,30,34,40,READY,false
2024-06-01T00:00:00,2024-06-01T12:35:10.62,71,18,30,23,30,30,40,READY,false
2024-06-02T00:00:00,2024-06-02T12:33:04.245,72,23,30,17,30,32,40,READY,false
2024-06-03T00:00:00,2024-06-03T10:41:00.269,72,23,30,17,30,32,40,READY,false
2024-06-04T00:00:00,2024-06-04T11:04:39.873,70,21,30,15,30,34,40,READY,false
2024-06-05T00:00:00,2024-06-05T10:42:43.787,74,24,30,17,30,33,40,READY,false
2024-06-06T00:00:00,2024-06-06T11:01:22.992,73,19,30,26,30,28,40,READY,false
2024-06-07T00:00:00,2024-06-07T10:40:43.163,65,18,30,18,30,29,40,READY,false
2024-06-08T00:00:00,2024-06-08T11:08:03.097,71,24,30,16,30,31,40,READY,false
2024-06-09T00:00:00,2024-06-09T12:34:10.095,69,22,30,19,30,28,40,READY,false
2024-06-10T00:00:00,2024-06-10T10:50:11.528,65,19,30,20,30,26,40,READY,false
2024-06-11T00:00:00,2024-06-11T11:22:57.267,65,19,30,19,30,27,40,READY,false
2024-06-12T00:00:00,2024-06-12T11:11:00.903,69,22,30,18,30,29,40,READY,false
2024-06-13T00:00:00,2024-06-13T11:19:56.381,68,21,30,19,30,28,40,READY,false
2024-06-14T00:00:00,2024-06-14T20:45:50.314,71,18,30,22,30,31,40,READY,false
2024-06-15T00:00:00,2024-06-15T11:58:23.881,74,24,30,23,30,27,40,READY,false
2024-06-16T00:00:00,2024-06-16T11:54:50.205,77,24,30,24,30,29,40,READY,false
2024-06-17T00:00:00,2024-06-17T12:39:51.487,70,21,30,20,30,29,40,READY,false
2024-06-18T00:00:00,2024-06-18T11:19:43.326,81,21,30,23,30,37,40,READY,false
2024-06-19T00:00:00,2024-06-19T11:00:07.065,74,22,30,21,30,31,40,READY,false
2024-06-21T00:00:00,2024-06-21T11:21:36.612,73,19,30,21,30,33,40,READY,false
2024-06-22T00:00:00,2024-06-22T12:40:42.3,71,21,30,17,30,33,40,READY,false
2024-06-23T00:00:00,2024-06-23T12:41:34.113,79,21,30,20,30,38,40,READY,false
2024-06-24T00:00:00,2024-06-24T12:54:22.505,74,21,30,22,30,31,40,READY,false
2024-06-25T00:00:00,2024-06-25T11:47:15.962,73,21,30,19,30,33,40,READY,false
2024-06-26T00:00:00,2024-06-26T11:01:22.662,81,25,30,24,30,32,40,READY,false
2024-06-27T00:00:00,2024-06-27T11:22:30.233,74,22,30,17,30,35,40,READY,false
2024-06-28T00:00:00,2024-06-28T11:11:52.371,75,22,30,22,30,31,40,READY,false
2024-06-29T00:00:00,2024-06-29T12:39:59.584,70,22,30,16,30,32,40,READY,false
2024-06-30T00:00:00,2024-06-30T13:45:54.243,72,23,30,17,30,32,40,READY,false
2024-07-01T00:00:00,2024-07-01T13:49:02.69,69,22,30,17,30,30,40,READY,false
2024-07-02T00:00:00,2024-07-02T12:10:15.45,77,24,30,23,30,30,40,READY,false
2024-07-03T00:00:00,2024-07-03T12:34:07.273,71,19,30,21,30,31,40,READY,false
2024-07-04T00:00:00,2024-07-04T12:28:56.966,77,23,30,19,30,35,40,READY,false
2024-07-05T00:00:00,2024-07-05T12:15:56.285,83,24,30,23,30,36,40,READY,false
2024-07-06T00:00:00,2024-07-06T13:03:47.263,73,21,30,20,30,32,40,READY,false
2024-07-07T00:00:00,2024-07-07T13:04:17.256,80,24,30,22,30,34,40,READY,false
2024-07-08T00:00:00,2024-07-08T11:03:40.599,74,18,30,24,30,32,40,READY,false
2024-07-09T00:00:00,2024-07-09T11:06:01.659,71,19,30,21,30,31,40,READY,false
2024-07-10T00:00:00,2024-07-10T12:47:18.611,75,23,30,20,30,32,40,READY,false
2024-07-11T00:00:00,2024-07-11T10:51:28.522,75,23,30,17,30,35,40,READY,false
2024-07-12T00:00:00,2024-07-12T11:27:14.767,76,21,30,23,30,32,40,READY,false
2024-07-13T00:00:00,2024-07-13T12:56:07.231,78,24,30,23,30,31,40,READY,false
2024-07-14T00:00:00,2024-07-14T13:10:20.84,71,20,30,19,30,32,40,READY,false
2024-07-15T00:00:00,2024-07-15T12:34:06.863,73,22,30,20,30,31,40,READY,false
2024-07-16T00:00:00,2024-07-16T11:31:10.832,75,24,30,21,30,30,40,READY,false
2024-07-17T00:00:00,2024-07-17T11:46:33.332,0,0,0,0,0,0,0,IN_PROGRESS,false
2024-07-18T00:00:00,2024-07-18T23:29:36.509,73,22,30,17,30,34,40,READY,false
2024-07-19T00:00:00,2024-07-19T12:31:26.587,80,23,30,22,30,35,40,READY,false
2024-07-20T00:00:00,2024-07-20T13:46:33.61,77,21,30,23,30,33,40,READY,false
2024-07-21T00:00:00,2024-07-21T14:10:50.62,75,21,30,24,30,30,40,READY,false
2024-07-22T00:00:00,2024-07-22T12:47:11.798,77,22,30,17,30,38,40,READY,false
2024-07-23T00:00:00,2024-07-23T11:17:39.377,75,23,30,21,30,31,40,READY,false
2024-07-24T00:00:00,2024-07-24T12:15:36.331,76,21,30,20,30,35,40,READY,false
2024-07-25T00:00:00,2024-07-25T11:00:26.579,73,21,30,17,30,35,40,READY,false
2024-07-26T00:00:00,2024-07-26T13:31:59.893,76,21,30,21,30,34,40,READY,false
2024-07-27T00:00:00,2024-07-27T14:57:36.417,75,21,30,23,30,31,40,READY,false
2024-07-28T00:00:00,2024-07-28T14:58:03.743,69,23,30,16,30,30,40,READY,false
2024-07-29T00:00:00,2024-07-29T11:50:32.854,69,24,30,14,30,31,40,READY,false
2024-07-30T00:00:00,2024-07-30T12:02:20.526,69,22,30,15,30,32,40,READY,false
2024-07-31T00:00:00,2024-07-31T12:20:29.814,71,21,30,17,30,33,40,READY,false
2024-08-01T00:00:00,2024-08-01T11:59:13.505,71,19,30,17,30,35,40,READY,false
2024-08-02T00:00:00,2024-08-02T13:33:51.002,78,21,30,26,30,31,40,READY,false
2024-08-03T00:00:00,2024-08-03T14:12:18.37,77,24,30,23,30,30,40,READY,false
2024-08-04T00:00:00,2024-08-04T15:55:33.283,67,21,30,15,30,31,40,READY,false
2024-08-05T00:00:00,2024-08-05T16:05:33.068,68,19,30,20,30,29,40,READY,false
2024-08-06T00:00:00,2024-08-06T22:15:24.709,59,15,30,15,30,29,40,READY,false
2024-08-07T00:00:00,2024-08-07T13:43:36.095,74,22,30,23,30,29,40,READY,false
2024-08-08T00:00:00,2024-08-08T14:05:51.583,67,19,30,22,30,26,40,READY,false
2024-08-09T00:00:00,2024-08-09T12:50:29.242,72,24,30,23,30,25,40,READY,false
2024-08-10T00:00:00,2024-08-10T15:29:55.027,66,23,30,13,30,30,40,READY,false
2024-08-11T00:00:00,2024-08-11T14:49:12.923,68,21,30,24,30,23,40,READY,false
2024-08-12T00:00:00,2024-08-12T15:50:40.464,65,23,30,20,30,22,40,READY,false
2024-08-13T00:00:00,2024-08-13T13:07:28.968,65,21,30,15,30,29,40,READY,false
2024-08-14T00:00:00,2024-08-14T13:20:25.139,68,24,30,17,30,27,40,READY,false
2024-08-15T00:00:00,2024-08-15T12:15:50.816,73,21,30,15,30,37,40,READY,false
2024-08-16T00:00:00,2024-08-16T12:19:27.069,78,21,30,25,30,32,40,READY,false
2024-08-17T00:00:00,2024-08-17T14:58:17.834,79,21,30,21,30,37,40,READY,false
2024-08-18T00:00:00,2024-08-18T14:19:03.792,76,24,30,23,30,29,40,READY,false
2024-08-19T00:00:00,2024-08-19T13:43:03.321,70,23,30,18,30,29,40,READY,false
2024-08-20T00:00:00,2024-08-20T14:15:54.054,72,23,30,19,30,30,40,READY,false
2024-08-21T00:00:00,2024-08-21T14:01:04.442,74,24,30,19,30,31,40,READY,false
2024-08-22T00:00:00,2024-08-22T13:38:18.062,71,21,30,17,30,33,40,READY,false
2024-08-23T00:00:00,2024-08-24T00:03:29.244,74,21,30,21,30,32,40,READY,false
2024-08-24T00:00:00,2024-08-24T16:42:14.739,72,22,30,19,30,31,40,READY,false
2024-08-25T00:00:00,2024-08-25T14:36:41.012,66,21,30,14,30,31,40,READY,false
2024-08-26T00:00:00,2024-08-26T13:03:58.241,70,22,30,15,30,33,40,READY,false
2024-08-27T00:00:00,2024-08-27T13:17:39.304,80,25,30,17,30,38,40,READY,false
2024-08-28T00:00:00,2024-08-28T14:34:26.669,77,22,30,22,30,33,40,READY,false
2024-08-29T00:00:00,2024-08-29T13:40:03.874,80,23,30,23,30,34,40,READY,false
2024-08-30T00:00:00,2024-08-30T13:55:42.67,75,21,30,22,30,32,40,READY,false
2024-08-31T00:00:00,2024-09-01T02:13:50.891,73,22,30,16,30,35,40,READY,false
2024-09-01T00:00:00,2024-09-01T15:40:10.422,71,18,30,21,30,32,40,READY,false
2024-09-02T00:00:00,2024-09-02T15:21:18.014,77,21,30,25,30,31,40,READY,false
2024-09-03T00:00:00,2024-09-03T13:10:14.062,76,23,30,23,30,30,40,READY,false
2024-09-04T00:00:00,2024-09-04T13:04:49.568,76,25,30,16,30,35,40,READY,false
2024-09-05T00:00:00,2024-09-05T12:25:50.925,77,20,30,22,30,35,40,READY,false
2024-09-06T00:00:00,2024-09-06T12:48:07.429,81,25,30,23,30,33,40,READY,false
2024-09-07T00:00:00,2024-09-07T14:57:47.34,76,19,30,26,30,31,40,READY,false
2024-09-08T00:00:00,2024-09-08T15:05:33.035,77,22,30,23,30,32,40,READY,false
2024-09-09T00:00:00,2024-09-09T13:09:16.892,67,21,30,17,30,29,40,READY,false
2024-09-10T00:00:00,2024-09-10T12:41:31.565,79,25,30,20,30,34,40,READY,false
2024-09-11T00:00:00,2024-09-11T12:49:55.188,75,25,30,17,30,33,40,READY,false
2024-09-12T00:00:00,2024-09-12T12:04:51.529,77,22,30,22,30,33,40,READY,false
2024-09-13T00:00:00,2024-09-13T13:11:27.623,79,23,30,21,30,35,40,READY,false
2024-09-14T00:00:00,2024-09-14T13:54:36.802,80,24,30,24,30,32,40,READY,false
2024-09-15T00:00:00,2024-09-15T15:30:35.746,63,15,30,19,30,29,40,READY,false
2024-09-16T00:00:00,2024-09-16T13:12:20.448,70,21,30,20,30,29,40,READY,false
2024-09-17T00:00:00,2024-09-17T13:24:36.32,76,25,30,19,30,32,40,READY,false
2024-09-18T00:00:00,2024-09-18T13:34:11.876,71,21,30,17,30,33,40,READY,false
2024-09-19T00:00:00,2024-09-19T13:08:34.783,78,23,30,23,30,32,40,READY,false
2024-09-20T00:00:00,2024-09-20T12:50:17.624,80,25,30,24,30,31,40,READY,false
2024-09-21T00:00:00,2024-09-21T14:35:36.455,77,23,30,18,30,36,40,READY,false
2024-09-22T00:00:00,2024-09-22T18:02:10.282,77,19,30,20,30,38,40,READY,false
2024-09-23T00:00:00,2024-09-23T12:34:38.767,73,17,30,23,30,33,40,READY,false
2024-09-24T00:00:00,2024-09-24T12:19:15.798,79,25,30,19,30,35,40,READY,false
2024-09-25T00:00:00,2024-09-25T13:12:58.869,75,21,30,19,30,35,40,READY,false
2024-09-26T00:00:00,2024-09-26T12:47:59.732,81,25,30,23,30,33,40,READY,false
2024-09-27T00:00:00,2024-09-27T13:30:56.145,78,22,30,23,30,33,40,READY,false
2024-09-28T00:00:00,2024-09-28T14:17:01.545,76,25,30,19,30,32,40,READY,false
2024-09-29T00:00:00,2024-09-29T15:27:19.997,73,21,30,23,30,29,40,READY,false
2024-09-30T00:00:00,2024-09-30T13:01:04.859,68,23,30,15,30,30,40,READY,false
2024-10-01T00:00:00,2024-10-01T14:10:00.37,78,22,30,25,30,31,40,READY,false
2024-10-02T00:00:00,2024-10-02T12:54:30.411,75,23,30,19,30,33,40,READY,false
2024-10-03T00:00:00,2024-10-03T13:19:30.627,77,23,30,22,30,32,40,READY,false
2024-10-04T00:00:00,2024-10-04T13:21:50.632,75,18,30,26,30,31,40,READY,false
2024-10-05T00:00:00,2024-10-05T14:10:06.49,69,19,30,14,30,36,40,READY,false
2024-10-06T00:00:00,2024-10-06T14:49:08.435,75,22,30,23,30,30,40,READY,false
2024-10-07T00:00:00,2024-10-07T13:06:08.755,72,18,30,23,30,31,40,READY,false
2024-10-08T00:00:00,2024-10-08T13:06:20.362,75,24,30,20,30,31,40,READY,false
2024-10-09T00:00:00,2024-10-09T13:06:59.096,67,18,30,15,30,34,40,READY,false
2024-10-10T00:00:00,2024-10-10T13:33:46.783,75,22,30,20,30,33,40,READY,false
2024-10-11T00:00:00,2024-10-11T19:12:22.526,75,22,30,20,30,33,40,READY,false
2024-10-12T00:00:00,2024-10-12T14:24:32.8,71,21,30,17,30,33,40,READY,false
2024-10-15T00:00:00,2024-10-15T16:43:13.768,0,0,0,0,0,0,0,NO_DATA,true
2024-10-16T00:00:00,2024-10-16T12:29:43.816,70,22,30,17,30,31,40,READY,false
2024-10-17T00:00:00,2024-10-17T13:39:07.149,73,21,30,22,30,30,40,READY,false
2024-10-18T00:00:00,2024-10-18T12:29:45.338,69,21,30,19,30,29,40,READY,false
2024-10-19T00:00:00,2024-10-19T15:31:08.106,72,22,30,17,30,33,40,READY,false
2024-10-20T00:00:00,2024-10-20T15:04:09.858,76,22,30,24,30,30,40,READY,false
2024-10-21T00:00:00,2024-10-21T13:06:08.14,77,24,30,23,30,30,40,READY,false
2024-10-22T00:00:00,2024-10-22T13:31:43.852,72,19,30,21,30,32,40,READY,false
2024-10-23T00:00:00,2024-10-23T13:06:53.783,72,23,30,16,30,33,40,READY,false
2024-10-24T00:00:00,2024-10-24T13:35:56.814,76,23,30,20,30,33,40,READY,false
2024-10-25T00:00:00,2024-10-25T19:10:18.341,71,22,30,18,30,31,40,READY,false
2024-10-26T00:00:00,2024-10-26T15:33:28.841,77,25,30,22,30,30,40,READY,false
2024-10-27T00:00:00,2024-10-27T15:37:38.596,74,24,30,21,30,29,40,READY,false
2024-10-28T00:00:00,2024-10-28T13:41:12.763,65,16,30,19,30,30,40,READY,false
2024-10-29T00:00:00,2024-10-29T13:50:35.704,75,23,30,24,30,28,40,READY,false
2024-10-30T00:00:00,2024-10-30T13:36:31.922,73,23,30,17,30,33,40,READY,false
2024-10-31T00:00:00,2024-10-31T13:17:29.352,83,25,30,21,30,37,40,READY,false
2024-11-01T00:00:00,2024-11-01T12:01:22.396,78,23,30,24,30,31,40,READY,false
2024-11-02T00:00:00,2024-11-02T13:37:51.256,77,23,30,24,30,30,40,READY,false
2024-11-03T00:00:00,2024-11-03T22:08:44.023,70,20,30,19,30,31,40,READY,false
2024-11-04T00:00:00,2024-11-04T12:53:31.764,73,22,30,19,30,32,40,READY,false
2024-11-05T00:00:00,2024-11-05T12:57:05.996,68,19,30,17,30,32,40,READY,false
2024-11-06T00:00:00,2024-11-06T12:33:29.264,77,23,30,20,30,34,40,READY,false
2024-11-07T00:00:00,2024-11-07T14:03:59.74,79,24,30,22,30,33,40,READY,false
2024-11-08T00:00:00,2024-11-08T12:16:48.592,72,19,30,22,30,31,40,READY,false
2024-11-09T00:00:00,2024-11-09T14:32:30.381,78,22,30,26,30,30,40,READY,false
2024-11-10T00:00:00,2024-11-10T14:52:08.776,77,23,30,24,30,30,40,READY,false
2024-11-11T00:00:00,2024-11-11T14:03:12.998,67,21,30,17,30,29,40,READY,false
2024-11-12T00:00:00,2024-11-12T13:55:16.711,74,24,30,21,30,29,40,READY,false
2024-11-13T00:00:00,2024-11-13T13:50:53.382,74,25,30,16,30,33,40,READY,false
2024-11-14T00:00:00,2024-11-14T14:23:25.739,75,21,30,21,30,33,40,READY,false
2024-11-15T00:00:00,2024-11-15T12:13:37.406,76,23,30,20,30,33,40,READY,false
2024-11-16T00:00:00,2024-11-16T15:42:19.048,75,23,30,16,30,36,40,READY,false
2024-11-17T00:00:00,2024-11-17T16:02:39.832,73,22,30,20,30,31,40,READY,false
2024-11-18T00:00:00,2024-11-18T14:17:47.891,76,23,30,16,30,37,40,READY,false
2024-11-19T00:00:00,2024-11-19T14:06:00.017,71,19,30,19,30,33,40,READY,false
2024-11-20T00:00:00,2024-11-20T13:41:50.864,79,25,30,17,30,37,40,READY,false
2024-11-21T00:00:00,2024-11-21T13:41:14.643,80,23,30,23,30,34,40,READY,false
2024-11-22T00:00:00,2024-11-22T12:28:46.94,74,23,30,19,30,32,40,READY,false
2024-11-23T00:00:00,2024-11-23T23:31:54.874,78,22,30,25,30,31,40,READY,false
2024-11-24T00:00:00,2024-11-24T15:39:54.037,71,22,30,20,30,29,40,READY,false