recorded_time,temperature,sensor_type
2024-06-22T00:00,-1.2686842105263167,UNKNOWN
2024-06-22T00:01,-1.1686842105263153,UNKNOWN
2024-06-22T00:02,-1.1686842105263153,UNKNOWN
2024-06-22T00:03,-1.0686842105263175,UNKNOWN
2024-06-22T00:04,-0.968684210526316,UNKNOWN
2024-06-22T00:05,-0.968684210526316,UNKNOWN
2024-06-22T00:06,-0.968684210526316,UNKNOWN
2024-06-22T00:07,-1.0686842105263175,UNKNOWN
2024-06-22T00:08,-1.0686842105263175,UNKNOWN
2024-06-22T00:09,-1.0686842105263175,UNKNOWN
2024-06-22T00:10,-1.0686842105263175,UNKNOWN
2024-06-22T00:11,-1.0686842105263175,UNKNOWN
2024-06-22T00:12,-1.1686842105263153,UNKNOWN
2024-06-22T00:13,-1.1686842105263153,UNKNOWN
2024-06-22T00:14,-1.3686842105263182,UNKNOWN
2024-06-22T00:15,-1.3686842105263182,UNKNOWN
2024-06-22T00:16,-1.3686842105263182,UNKNOWN
2024-06-22T00:17,-1.3686842105263182,UNKNOWN
2024-06-22T00:18,-1.3686842105263182,UNKNOWN
2024-06-22T00:19,-1.5686842105263175,UNKNOWN
2024-06-22T00:20,-1.968684210526316,UNKNOWN
2024-06-22T00:21,-2.1686842105263153,UNKNOWN
2024-06-22T00:22,-1.968684210526316,UNKNOWN
2024-06-22T00:23,-1.468684210526316,UNKNOWN
2024-06-22T00:24,-0.968684210526316,UNKNOWN
2024-06-22T00:25,-0.46868421052631604,UNKNOWN
2024-06-22T00:26,-0.06868421052631746,UNKNOWN
2024-06-22T00:27,0.13131578947368183,UNKNOWN
2024-06-22T00:28,0.5313157894736804,UNKNOWN
2024-06-22T00:29,0.8313157894736847,UNKNOWN
2024-06-22T00:30,1.1313157894736818,UNKNOWN
2024-06-22T00:31,1.431315789473686,UNKNOWN
2024-06-22T00:32,1.6313157894736818,UNKNOWN
2024-06-22T00:33,1.7313157894736833,UNKNOWN
2024-06-22T00:34,1.8313157894736847,UNKNOWN
2024-06-22T00:35,1.8313157894736847,UNKNOWN
2024-06-22T00:36,1.931315789473686,UNKNOWN
2024-06-22T00:37,1.931315789473686,UNKNOWN
2024-06-22T00:38,1.931315789473686,UNKNOWN
2024-06-22T00:39,1.931315789473686,UNKNOWN
2024-06-22T00:40,2.0313157894736804,UNKNOWN
2024-06-22T00:41,2.131315789473682,UNKNOWN
2024-06-22T00:42,2.2313157894736833,UNKNOWN
2024-06-22T00:43,2.3313157894736847,UNKNOWN
2024-06-22T00:44,2.431315789473686,UNKNOWN
2024-06-22T00:45,2.431315789473686,UNKNOWN
2024-06-22T00:46,2.431315789473686,UNKNOWN
2024-06-22T00:47,2.5313157894736804,UNKNOWN
2024-06-22T00:48,2.5313157894736804,UNKNOWN
2024-06-22T00:49,2.5313157894736804,UNKNOWN
2024-06-22T00:50,2.631315789473682,UNKNOWN
2024-06-22T00:51,2.631315789473682,UNKNOWN
2024-06-22T00:52,2.631315789473682,UNKNOWN
2024-06-22T00:53,2.631315789473682,UNKNOWN
2024-06-22T00:54,2.7313157894736833,UNKNOWN
2024-06-22T00:55,2.7313157894736833,UNKNOWN
2024-06-22T00:56,2.7313157894736833,UNKNOWN
2024-06-22T00:57,2.7313157894736833,UNKNOWN
2024-06-22T00:58,2.7313157894736833,UNKNOWN
2024-06-22T00:59,2.7313157894736833,UNKNOWN
2024-06-22T01:00,2.7313157894736833,UNKNOWN
2024-06-22T01:01,2.7313157894736833,UNKNOWN
2024-06-22T01:02,2.8313157894736847,UNKNOWN
2024-06-22T01:03,2.8313157894736847,UNKNOWN
2024-06-22T01:04,2.7313157894736833,UNKNOWN
2024-06-22T01:05,2.8313157894736847,UNKNOWN
2024-06-22T01:06,2.8313157894736847,UNKNOWN
2024-06-22T01:07,2.8313157894736847,UNKNOWN
2024-06-22T01:08,2.8313157894736847,UNKNOWN
2024-06-22T01:09,2.8313157894736847,UNKNOWN
2024-06-22T01:10,2.931315789473686,UNKNOWN
2024-06-22T01:11,2.931315789473686,UNKNOWN
2024-06-22T01:12,2.931315789473686,UNKNOWN
2024-06-22T01:13,2.931315789473686,UNKNOWN
2024-06-22T01:14,3.0313157894736804,UNKNOWN
2024-06-22T01:15,3.0313157894736804,UNKNOWN
2024-06-22T01:16,3.0313157894736804,UNKNOWN
2024-06-22T01:17,3.0313157894736804,UNKNOWN
2024-06-22T01:18,3.0313157894736804,UNKNOWN
2024-06-22T01:19,3.0313157894736804,UNKNOWN
2024-06-22T01:20,3.0313157894736804,UNKNOWN
2024-06-22T01:21,2.931315789473686,UNKNOWN
2024-06-22T01:22,2.931315789473686,UNKNOWN
2024-06-22T01:23,2.931315789473686,UNKNOWN
2024-06-22T01:24,2.931315789473686,UNKNOWN
2024-06-22T01:25,2.931315789473686,UNKNOWN
2024-06-22T01:26,2.8313157894736847,UNKNOWN
2024-06-22T01:27,2.8313157894736847,UNKNOWN
2024-06-22T01:28,2.7313157894736833,UNKNOWN
2024-06-22T01:29,2.7313157894736833,UNKNOWN
2024-06-22T01:30,2.5313157894736804,UNKNOWN
2024-06-22T01:31,2.5313157894736804,UNKNOWN
2024-06-22T01:32,2.5313157894736804,UNKNOWN
2024-06-22T01:33,2.431315789473686,UNKNOWN
2024-06-22T01:34,2.431315789473686,UNKNOWN
2024-06-22T01:35,2.3313157894736847,UNKNOWN
2024-06-22T01:36,2.2313157894736833,UNKNOWN
2024-06-22T01:37,2.2313157894736833,UNKNOWN
2024-06-22T01:38,2.2313157894736833,UNKNOWN
2024-06-22T01:39,2.2313157894736833,UNKNOWN
2024-06-22T01:40,2.0313157894736804,UNKNOWN
2024-06-22T01:41,1.931315789473686,UNKNOWN
2024-06-22T01:42,1.931315789473686,UNKNOWN
2024-06-22T01:43,2.0313157894736804,UNKNOWN
2024-06-22T01:44,2.0313157894736804,UNKNOWN
2024-06-22T01:45,2.0313157894736804,UNKNOWN
2024-06-22T01:46,2.0313157894736804,UNKNOWN
2024-06-22T01:47,2.0313157894736804,UNKNOWN
2024-06-22T01:48,2.0313157894736804,UNKNOWN
2024-06-22T01:49,2.131315789473682,UNKNOWN
2024-06-22T01:50,2.131315789473682,UNKNOWN
2024-06-22T01:51,2.0313157894736804,UNKNOWN
2024-06-22T01:52,2.131315789473682,UNKNOWN
2024-06-22T01:53,2.2313157894736833,UNKNOWN
2024-06-22T01:54,2.2313157894736833,UNKNOWN
2024-06-22T01:55,2.2313157894736833,UNKNOWN
2024-06-22T01:56,2.431315789473686,UNKNOWN
2024-06-22T01:57,2.431315789473686,UNKNOWN
2024-06-22T01:58,2.431315789473686,UNKNOWN
2024-06-22T01:59,2.5313157894736804,UNKNOWN
2024-06-22T02:00,2.5313157894736804,UNKNOWN
2024-06-22T02:01,2.631315789473682,UNKNOWN
2024-06-22T02:02,2.631315789473682,UNKNOWN
2024-06-22T02:03,2.631315789473682,UNKNOWN
2024-06-22T02:04,2.631315789473682,UNKNOWN
2024-06-22T02:05,2.7313157894736833,UNKNOWN
2024-06-22T02:06,2.7313157894736833,UNKNOWN
2024-06-22T02:07,2.7313157894736833,UNKNOWN
2024-06-22T02:08,2.7313157894736833,UNKNOWN
2024-06-22T02:09,2.7313157894736833,UNKNOWN
2024-06-22T02:10,2.631315789473682,UNKNOWN
2024-06-22T02:11,2.631315789473682,UNKNOWN
2024-06-22T02:12,2.631315789473682,UNKNOWN
2024-06-22T02:13,2.5313157894736804,UNKNOWN
2024-06-22T02:14,2.631315789473682,UNKNOWN
2024-06-22T02:15,2.5313157894736804,UNKNOWN
2024-06-22T02:16,2.5313157894736804,UNKNOWN
2024-06-22T02:17,2.5313157894736804,UNKNOWN
2024-06-22T02:18,2.5313157894736804,UNKNOWN
2024-06-22T02:19,2.5313157894736804,UNKNOWN
2024-06-22T02:20,2.631315789473682,UNKNOWN
2024-06-22T02:21,2.7313157894736833,UNKNOWN
2024-06-22T02:22,2.8313157894736847,UNKNOWN
2024-06-22T02:23,2.931315789473686,UNKNOWN
2024-06-22T02:24,3.0313157894736804,UNKNOWN
2024-06-22T02:25,3.131315789473682,UNKNOWN
2024-06-22T02:26,3.131315789473682,UNKNOWN
2024-06-22T02:27,3.2313157894736833,UNKNOWN
2024-06-22T02:28,3.3313157894736847,UNKNOWN
2024-06-22T02:29,3.3313157894736847,UNKNOWN
2024-06-22T02:30,3.431315789473686,UNKNOWN
2024-06-22T02:31,3.5313157894736804,UNKNOWN
2024-06-22T02:32,3.5313157894736804,UNKNOWN
2024-06-22T02:33,3.631315789473682,UNKNOWN
2024-06-22T02:34,3.5313157894736804,UNKNOWN
2024-06-22T02:35,3.5313157894736804,UNKNOWN
2024-06-22T02:36,3.5313157894736804,UNKNOWN
2024-06-22T02:37,3.5313157894736804,UNKNOWN
2024-06-22T02:38,3.5313157894736804,UNKNOWN
2024-06-22T02:39,3.5313157894736804,UNKNOWN
2024-06-22T02:40,3.631315789473682,UNKNOWN
2024-06-22T02:41,3.631315789473682,UNKNOWN
2024-06-22T02:42,3.631315789473682,UNKNOWN
2024-06-22T02:43,3.631315789473682,UNKNOWN
2024-06-22T02:44,3.631315789473682,UNKNOWN
2024-06-22T02:45,3.631315789473682,UNKNOWN
2024-06-22T02:46,3.631315789473682,UNKNOWN
2024-06-22T02:47,3.631315789473682,UNKNOWN
2024-06-22T02:48,3.631315789473682,UNKNOWN
2024-06-22T02:49,3.631315789473682,UNKNOWN
2024-06-22T02:50,3.631315789473682,UNKNOWN
2024-06-22T02:51,3.631315789473682,UNKNOWN
2024-06-22T02:52,3.431315789473686,UNKNOWN
2024-06-22T02:53,3.431315789473686,UNKNOWN
2024-06-22T02:54,3.3313157894736847,UNKNOWN
2024-06-22T02:55,3.3313157894736847,UNKNOWN
2024-06-22T02:56,3.3313157894736847,UNKNOWN
2024-06-22T02:57,3.431315789473686,UNKNOWN
2024-06-22T02:58,3.431315789473686,UNKNOWN
2024-06-22T02:59,3.431315789473686,UNKNOWN
2024-06-22T03:00,3.431315789473686,UNKNOWN
2024-06-22T03:01,3.5313157894736804,UNKNOWN
2024-06-22T03:02,3.5313157894736804,UNKNOWN
2024-06-22T03:03,3.5313157894736804,UNKNOWN
2024-06-22T03:04,3.5313157894736804,UNKNOWN
2024-06-22T03:05,3.631315789473682,UNKNOWN
2024-06-22T03:06,3.631315789473682,UNKNOWN
2024-06-22T03:07,3.631315789473682,UNKNOWN
2024-06-22T03:08,3.631315789473682,UNKNOWN
2024-06-22T03:09,3.631315789473682,UNKNOWN
2024-06-22T03:10,3.631315789473682,UNKNOWN
2024-06-22T03:11,3.631315789473682,UNKNOWN
2024-06-22T03:12,3.131315789473682,UNKNOWN
2024-06-22T03:13,2.631315789473682,UNKNOWN
2024-06-22T03:14,2.2313157894736833,UNKNOWN
2024-06-22T03:15,2.0313157894736804,UNKNOWN
2024-06-22T03:16,1.7313157894736833,UNKNOWN
2024-06-22T03:17,1.5313157894736804,UNKNOWN
2024-06-22T03:18,1.1313157894736818,UNKNOWN
2024-06-22T03:19,0.8313157894736847,UNKNOWN
2024-06-22T03:20,0.8313157894736847,UNKNOWN
2024-06-22T03:21,0.8313157894736847,UNKNOWN
2024-06-22T03:22,0.8313157894736847,UNKNOWN
2024-06-22T03:23,0.8313157894736847,UNKNOWN
2024-06-22T03:24,0.9313157894736861,UNKNOWN
2024-06-22T03:25,1.0313157894736804,UNKNOWN
2024-06-22T03:26,1.1313157894736818,UNKNOWN
2024-06-22T03:27,1.2313157894736833,UNKNOWN
2024-06-22T03:28,1.0313157894736804,UNKNOWN
2024-06-22T03:29,0.8313157894736847,UNKNOWN
2024-06-22T03:30,0.7313157894736833,UNKNOWN
2024-06-22T03:31,0.6313157894736818,UNKNOWN
2024-06-22T03:32,0.6313157894736818,UNKNOWN
2024-06-22T03:33,0.6313157894736818,UNKNOWN
2024-06-22T03:34,0.5313157894736804,UNKNOWN
2024-06-22T03:35,0.6313157894736818,UNKNOWN
2024-06-22T03:36,0.7313157894736833,UNKNOWN
2024-06-22T03:37,0.8313157894736847,UNKNOWN
2024-06-22T03:38,0.8313157894736847,UNKNOWN
2024-06-22T03:39,0.9313157894736861,UNKNOWN
2024-06-22T03:40,0.9313157894736861,UNKNOWN
2024-06-22T03:41,0.9313157894736861,UNKNOWN
2024-06-22T03:42,0.8313157894736847,UNKNOWN
2024-06-22T03:43,0.8313157894736847,UNKNOWN
2024-06-22T03:44,0.7313157894736833,UNKNOWN
2024-06-22T03:45,0.6313157894736818,UNKNOWN
2024-06-22T03:46,0.6313157894736818,UNKNOWN
2024-06-22T03:47,0.4313157894736861,UNKNOWN
2024-06-22T03:48,0.4313157894736861,UNKNOWN
2024-06-22T03:49,0.5313157894736804,UNKNOWN
2024-06-22T03:50,0.7313157894736833,UNKNOWN
2024-06-22T03:51,0.9313157894736861,UNKNOWN
2024-06-22T03:52,1.0313157894736804,UNKNOWN
2024-06-22T03:53,0.6313157894736818,UNKNOWN
2024-06-22T03:54,0.3313157894736847,UNKNOWN
2024-06-22T03:55,0.13131578947368183,UNKNOWN
2024-06-22T03:56,-0.06868421052631746,UNKNOWN
2024-06-22T03:57,-0.36868421052631817,UNKNOWN
2024-06-22T03:58,-0.36868421052631817,UNKNOWN
2024-06-22T03:59,-0.26868421052631675,UNKNOWN
2024-06-22T04:00,-0.16868421052631533,UNKNOWN
2024-06-22T04:01,0.031315789473683964,UNKNOWN
2024-06-22T04:02,0.23131578947368325,UNKNOWN
2024-06-22T04:03,0.3313157894736847,UNKNOWN
2024-06-22T04:04,0.4313157894736861,UNKNOWN
2024-06-22T04:05,0.4313157894736861,UNKNOWN
2024-06-22T04:06,0.4313157894736861,UNKNOWN
2024-06-22T04:07,0.4313157894736861,UNKNOWN
2024-06-22T04:08,0.3313157894736847,UNKNOWN
2024-06-22T04:09,0.3313157894736847,UNKNOWN
2024-06-22T04:10,0.23131578947368325,UNKNOWN
2024-06-22T04:11,-0.06868421052631746,UNKNOWN
2024-06-22T04:12,-0.06868421052631746,UNKNOWN
2024-06-22T04:13,-0.26868421052631675,UNKNOWN
2024-06-22T04:14,-0.36868421052631817,UNKNOWN
2024-06-22T04:15,-0.46868421052631604,UNKNOWN
2024-06-22T04:16,-0.5686842105263175,UNKNOWN
2024-06-22T04:17,-0.5686842105263175,UNKNOWN
2024-06-22T04:18,-0.5686842105263175,UNKNOWN
2024-06-22T04:19,-0.46868421052631604,UNKNOWN
2024-06-22T04:20,-0.5686842105263175,UNKNOWN
2024-06-22T04:21,-0.8686842105263182,UNKNOWN
2024-06-22T04:22,-0.7686842105263167,UNKNOWN
2024-06-22T04:23,-0.5686842105263175,UNKNOWN
2024-06-22T04:24,-0.46868421052631604,UNKNOWN
2024-06-22T04:25,-0.26868421052631675,UNKNOWN
2024-06-22T04:26,-0.16868421052631533,UNKNOWN
2024-06-22T04:27,-0.06868421052631746,UNKNOWN
2024-06-22T04:28,0.031315789473683964,UNKNOWN
2024-06-22T04:29,0.13131578947368183,UNKNOWN
2024-06-22T04:30,0.13131578947368183,UNKNOWN
2024-06-22T04:31,0.23131578947368325,UNKNOWN
2024-06-22T04:32,0.3313157894736847,UNKNOWN
2024-06-22T04:33,0.3313157894736847,UNKNOWN
2024-06-22T04:34,0.3313157894736847,UNKNOWN
2024-06-22T04:35,0.3313157894736847,UNKNOWN
2024-06-22T04:36,0.4313157894736861,UNKNOWN
2024-06-22T04:37,0.5313157894736804,UNKNOWN
2024-06-22T04:38,0.5313157894736804,UNKNOWN
2024-06-22T04:39,0.5313157894736804,UNKNOWN
2024-06-22T04:40,0.5313157894736804,UNKNOWN
2024-06-22T04:41,0.6313157894736818,UNKNOWN
2024-06-22T04:42,0.6313157894736818,UNKNOWN
2024-06-22T04:43,0.7313157894736833,UNKNOWN
2024-06-22T04:44,0.8313157894736847,UNKNOWN
2024-06-22T04:45,0.8313157894736847,UNKNOWN
2024-06-22T04:46,0.8313157894736847,UNKNOWN
2024-06-22T04:47,0.9313157894736861,UNKNOWN
2024-06-22T04:48,0.9313157894736861,UNKNOWN
2024-06-22T04:49,1.0313157894736804,UNKNOWN
2024-06-22T04:50,0.9313157894736861,UNKNOWN
2024-06-22T04:51,1.0313157894736804,UNKNOWN
2024-06-22T04:52,1.0313157894736804,UNKNOWN
2024-06-22T04:53,1.0313157894736804,UNKNOWN
2024-06-22T04:54,1.0313157894736804,UNKNOWN
2024-06-22T04:55,0.7313157894736833,UNKNOWN
2024-06-22T04:56,0.4313157894736861,UNKNOWN
2024-06-22T04:57,0.3313157894736847,UNKNOWN
2024-06-22T04:58,0.23131578947368325,UNKNOWN
2024-06-22T04:59,0.23131578947368325,UNKNOWN
2024-06-22T05:00,0.23131578947368325,UNKNOWN
2024-06-22T05:01,0.031315789473683964,UNKNOWN
2024-06-22T05:02,0.031315789473683964,UNKNOWN
2024-06-22T05:03,-0.06868421052631746,UNKNOWN
2024-06-22T05:04,-0.06868421052631746,UNKNOWN
2024-06-22T05:05,-0.06868421052631746,UNKNOWN
2024-06-22T05:06,-0.06868421052631746,UNKNOWN
2024-06-22T05:07,-0.06868421052631746,UNKNOWN
2024-06-22T05:08,-0.06868421052631746,UNKNOWN
2024-06-22T05:09,0.031315789473683964,UNKNOWN
2024-06-22T05:10,0.23131578947368325,UNKNOWN
2024-06-22T05:11,0.4313157894736861,UNKNOWN
2024-06-22T05:12,0.5313157894736804,UNKNOWN
2024-06-22T05:13,0.5313157894736804,UNKNOWN
2024-06-22T05:14,0.6313157894736818,UNKNOWN
2024-06-22T05:15,0.7313157894736833,UNKNOWN
2024-06-22T05:16,0.8313157894736847,UNKNOWN
2024-06-22T05:17,0.8313157894736847,UNKNOWN
2024-06-22T05:18,0.8313157894736847,UNKNOWN
2024-06-22T05:19,0.9313157894736861,UNKNOWN
2024-06-22T05:20,1.0313157894736804,UNKNOWN
2024-06-22T05:21,1.1313157894736818,UNKNOWN
2024-06-22T05:22,1.2313157894736833,UNKNOWN
2024-06-22T05:23,1.2313157894736833,UNKNOWN
2024-06-22T05:24,1.2313157894736833,UNKNOWN
2024-06-22T05:25,1.3313157894736847,UNKNOWN
2024-06-22T05:26,1.3313157894736847,UNKNOWN
2024-06-22T05:27,1.3313157894736847,UNKNOWN
2024-06-22T05:28,1.3313157894736847,UNKNOWN
2024-06-22T05:29,1.431315789473686,UNKNOWN
2024-06-22T05:30,1.5313157894736804,UNKNOWN
2024-06-22T05:31,1.5313157894736804,UNKNOWN
2024-06-22T05:32,1.5313157894736804,UNKNOWN
2024-06-22T05:33,1.5313157894736804,UNKNOWN
2024-06-22T05:34,1.5313157894736804,UNKNOWN
2024-06-22T05:35,1.6313157894736818,UNKNOWN
2024-06-22T05:36,1.6313157894736818,UNKNOWN
2024-06-22T05:37,1.6313157894736818,UNKNOWN
2024-06-22T05:38,1.5313157894736804,UNKNOWN
2024-06-22T05:39,1.6313157894736818,UNKNOWN
2024-06-22T05:40,1.6313157894736818,UNKNOWN
2024-06-22T05:41,1.6313157894736818,UNKNOWN
2024-06-22T05:42,1.7313157894736833,UNKNOWN
2024-06-22T05:43,1.8313157894736847,UNKNOWN
2024-06-22T05:44,1.8313157894736847,UNKNOWN
2024-06-22T05:45,1.931315789473686,UNKNOWN
2024-06-22T05:46,1.931315789473686,UNKNOWN
2024-06-22T05:47,1.931315789473686,UNKNOWN
2024-06-22T05:48,1.931315789473686,UNKNOWN
2024-06-22T05:49,1.931315789473686,UNKNOWN
2024-06-22T05:50,2.0313157894736804,UNKNOWN
2024-06-22T05:51,2.0313157894736804,UNKNOWN
2024-06-22T05:52,2.0313157894736804,UNKNOWN
2024-06-22T05:53,2.2313157894736833,UNKNOWN
2024-06-22T05:54,2.3313157894736847,UNKNOWN
2024-06-22T05:55,2.3313157894736847,UNKNOWN
2024-06-22T05:56,2.3313157894736847,UNKNOWN
2024-06-22T05:57,2.3313157894736847,UNKNOWN
2024-06-22T05:58,2.431315789473686,UNKNOWN
2024-06-22T05:59,2.431315789473686,UNKNOWN
2024-06-22T06:00,2.431315789473686,UNKNOWN
2024-06-22T06:01,2.431315789473686,UNKNOWN
2024-06-22T06:02,2.431315789473686,UNKNOWN
2024-06-22T06:03,2.3313157894736847,UNKNOWN
2024-06-22T06:04,2.2313157894736833,UNKNOWN
2024-06-22T06:05,2.2313157894736833,UNKNOWN
2024-06-22T06:06,2.2313157894736833,UNKNOWN
2024-06-22T06:07,2.2313157894736833,UNKNOWN
2024-06-22T06:08,2.3313157894736847,UNKNOWN
2024-06-22T06:09,2.3313157894736847,UNKNOWN
2024-06-22T06:10,2.3313157894736847,UNKNOWN
2024-06-22T06:11,2.431315789473686,UNKNOWN
2024-06-22T06:12,2.431315789473686,UNKNOWN
2024-06-22T06:13,2.431315789473686,UNKNOWN
2024-06-22T06:14,2.3313157894736847,UNKNOWN
2024-06-22T06:15,2.2313157894736833,UNKNOWN
2024-06-22T06:16,2.3313157894736847,UNKNOWN
2024-06-22T06:17,2.3313157894736847,UNKNOWN
2024-06-22T06:18,2.3313157894736847,UNKNOWN
2024-06-22T06:19,2.431315789473686,UNKNOWN
2024-06-22T06:20,2.431315789473686,UNKNOWN
2024-06-22T06:21,2.5313157894736804,UNKNOWN
2024-06-22T06:22,2.5313157894736804,UNKNOWN
2024-06-22T06:23,2.5313157894736804,UNKNOWN
2024-06-22T06:24,2.431315789473686,UNKNOWN
2024-06-22T06:25,2.5313157894736804,UNKNOWN
2024-06-22T06:26,2.5313157894736804,UNKNOWN
2024-06-22T06:27,2.5313157894736804,UNKNOWN
2024-06-22T06:28,2.5313157894736804,UNKNOWN
2024-06-22T06:29,2.431315789473686,UNKNOWN
2024-06-22T06:30,2.431315789473686,UNKNOWN
2024-06-22T06:31,2.5313157894736804,UNKNOWN
2024-06-22T06:32,2.5313157894736804,UNKNOWN
2024-06-22T06:33,2.431315789473686,UNKNOWN
2024-06-22T06:34,2.5313157894736804,UNKNOWN
2024-06-22T06:35,2.5313157894736804,UNKNOWN
2024-06-22T06:36,2.431315789473686,UNKNOWN
2024-06-22T06:37,2.3313157894736847,UNKNOWN
2024-06-22T06:38,2.431315789473686,UNKNOWN
2024-06-22T06:39,2.431315789473686,UNKNOWN
2024-06-22T06:40,2.431315789473686,UNKNOWN
2024-06-22T06:41,2.5313157894736804,UNKNOWN
2024-06-22T06:42,2.5313157894736804,UNKNOWN
2024-06-22T06:43,2.631315789473682,UNKNOWN
2024-06-22T06:44,2.631315789473682,UNKNOWN
2024-06-22T06:45,2.5313157894736804,UNKNOWN
2024-06-22T06:46,2.5313157894736804,UNKNOWN
2024-06-22T06:47,2.431315789473686,UNKNOWN
2024-06-22T06:48,2.431315789473686,UNKNOWN
2024-06-22T06:49,2.3313157894736847,UNKNOWN
2024-06-22T06:50,2.3313157894736847,UNKNOWN
2024-06-22T06:51,2.3313157894736847,UNKNOWN
2024-06-22T06:52,2.2313157894736833,UNKNOWN
2024-06-22T06:53,2.2313157894736833,UNKNOWN
2024-06-22T06:54,2.2313157894736833,UNKNOWN
2024-06-22T06:55,2.2313157894736833,UNKNOWN
2024-06-22T06:56,2.2313157894736833,UNKNOWN
2024-06-22T06:57,2.3313157894736847,UNKNOWN
2024-06-22T06:58,2.3313157894736847,UNKNOWN
2024-06-22T06:59,2.431315789473686,UNKNOWN
2024-06-22T07:00,2.431315789473686,UNKNOWN
2024-06-22T07:01,2.431315789473686,UNKNOWN
2024-06-22T07:02,2.431315789473686,UNKNOWN
2024-06-22T07:03,2.431315789473686,UNKNOWN
2024-06-22T07:04,2.431315789473686,UNKNOWN
2024-06-22T07:05,2.5313157894736804,UNKNOWN
2024-06-22T07:06,2.431315789473686,UNKNOWN
2024-06-22T07:07,2.5313157894736804,UNKNOWN
2024-06-22T07:08,2.5313157894736804,UNKNOWN
2024-06-22T07:09,2.5313157894736804,UNKNOWN
2024-06-22T07:10,2.5313157894736804,UNKNOWN
2024-06-22T07:11,2.5313157894736804,UNKNOWN
2024-06-22T07:12,2.631315789473682,UNKNOWN
2024-06-22T07:13,2.5313157894736804,UNKNOWN
2024-06-22T07:14,2.5313157894736804,UNKNOWN
2024-06-22T07:15,2.5313157894736804,UNKNOWN
2024-06-22T07:16,2.5313157894736804,UNKNOWN
2024-06-22T07:17,2.5313157894736804,UNKNOWN
2024-06-22T07:18,2.631315789473682,UNKNOWN
2024-06-22T07:19,2.631315789473682,UNKNOWN
2024-06-22T07:20,2.631315789473682,UNKNOWN
2024-06-22T07:21,2.631315789473682,UNKNOWN
2024-06-22T07:22,2.3313157894736847,UNKNOWN
2024-06-22T07:23,2.0313157894736804,UNKNOWN
2024-06-22T07:24,1.6313157894736818,UNKNOWN
2024-06-22T07:25,1.5313157894736804,UNKNOWN
2024-06-22T07:26,1.2313157894736833,UNKNOWN
2024-06-22T07:27,1.5313157894736804,UNKNOWN
2024-06-22T07:28,1.6313157894736818,UNKNOWN
2024-06-22T07:29,1.5313157894736804,UNKNOWN
2024-06-22T07:30,1.6313157894736818,UNKNOWN
2024-06-22T07:31,1.431315789473686,UNKNOWN
2024-06-22T07:32,1.3313157894736847,UNKNOWN
2024-06-22T07:33,1.2313157894736833,UNKNOWN
2024-06-22T07:34,1.0313157894736804,UNKNOWN
2024-06-22T07:35,1.0313157894736804,UNKNOWN
2024-06-22T07:36,1.0313157894736804,UNKNOWN
2024-06-22T07:37,0.8313157894736847,UNKNOWN
2024-06-22T07:38,0.8313157894736847,UNKNOWN
2024-06-22T07:39,0.8313157894736847,UNKNOWN
2024-06-22T07:40,1.0313157894736804,UNKNOWN
2024-06-22T07:41,1.1313157894736818,UNKNOWN
2024-06-22T07:42,1.3313157894736847,UNKNOWN
2024-06-22T07:43,1.431315789473686,UNKNOWN
2024-06-22T07:44,1.431315789473686,UNKNOWN
2024-06-22T07:45,1.5313157894736804,UNKNOWN
2024-06-22T07:46,1.6313157894736818,UNKNOWN
2024-06-22T07:47,1.6313157894736818,UNKNOWN
2024-06-22T07:48,1.7313157894736833,UNKNOWN
2024-06-22T07:49,1.7313157894736833,UNKNOWN
2024-06-22T07:50,1.7313157894736833,UNKNOWN
2024-06-22T07:51,1.8313157894736847,UNKNOWN
2024-06-22T07:52,1.8313157894736847,UNKNOWN
2024-06-22T07:53,1.8313157894736847,UNKNOWN
2024-06-22T07:54,1.931315789473686,UNKNOWN
2024-06-22T07:55,1.8313157894736847,UNKNOWN
2024-06-22T07:56,1.8313157894736847,UNKNOWN
2024-06-22T07:57,1.8313157894736847,UNKNOWN
2024-06-22T07:58,1.8313157894736847,UNKNOWN
2024-06-22T07:59,1.8313157894736847,UNKNOWN
2024-06-22T08:00,1.7313157894736833,UNKNOWN
2024-06-22T08:01,1.7313157894736833,UNKNOWN
2024-06-22T08:02,1.8313157894736847,UNKNOWN
2024-06-22T08:03,1.8313157894736847,UNKNOWN
2024-06-22T08:04,1.8313157894736847,UNKNOWN
2024-06-22T08:05,1.7313157894736833,UNKNOWN
2024-06-22T08:06,1.8313157894736847,UNKNOWN
2024-06-22T08:07,1.8313157894736847,UNKNOWN
2024-06-22T08:08,1.7313157894736833,UNKNOWN
2024-06-22T08:09,1.8313157894736847,UNKNOWN
2024-06-22T08:10,1.8313157894736847,UNKNOWN
2024-06-22T08:11,1.7313157894736833,UNKNOWN
2024-06-22T08:12,1.7313157894736833,UNKNOWN
2024-06-22T08:13,1.7313157894736833,UNKNOWN
2024-06-22T08:14,1.7313157894736833,UNKNOWN
2024-06-22T08:15,1.7313157894736833,UNKNOWN
2024-06-22T08:16,1.7313157894736833,UNKNOWN
2024-06-22T08:17,1.7313157894736833,UNKNOWN
2024-06-22T08:18,1.7313157894736833,UNKNOWN
2024-06-22T08:19,1.3313157894736847,UNKNOWN
2024-06-22T08:20,0.6313157894736818,UNKNOWN
2024-06-22T08:21,0.23131578947368325,UNKNOWN
2024-06-22T08:22,-0.26868421052631675,UNKNOWN
2024-06-22T08:23,-0.36868421052631817,UNKNOWN
2024-06-22T08:24,-0.16868421052631533,UNKNOWN
2024-06-22T08:25,0.031315789473683964,UNKNOWN
2024-06-22T08:26,0.23131578947368325,UNKNOWN
2024-06-22T08:27,0.3313157894736847,UNKNOWN
2024-06-22T08:28,0.4313157894736861,UNKNOWN
2024-06-22T08:29,0.6313157894736818,UNKNOWN
2024-06-22T08:30,0.8313157894736847,UNKNOWN
2024-06-22T08:31,0.9313157894736861,UNKNOWN
2024-06-22T08:32,1.0313157894736804,UNKNOWN
2024-06-22T08:33,1.0313157894736804,UNKNOWN
2024-06-22T08:34,1.1313157894736818,UNKNOWN
2024-06-22T08:35,1.1313157894736818,UNKNOWN
2024-06-22T08:36,0.9313157894736861,UNKNOWN
2024-06-22T08:37,0.6313157894736818,UNKNOWN
2024-06-22T08:38,0.3313157894736847,UNKNOWN
2024-06-22T08:39,0.23131578947368325,UNKNOWN
2024-06-22T08:40,-0.16868421052631533,UNKNOWN
2024-06-22T08:41,-0.5686842105263175,UNKNOWN
2024-06-22T08:42,-0.36868421052631817,UNKNOWN
2024-06-22T08:43,0.031315789473683964,UNKNOWN
2024-06-22T08:44,0.3313157894736847,UNKNOWN
2024-06-22T08:45,0.6313157894736818,UNKNOWN
2024-06-22T08:46,0.8313157894736847,UNKNOWN
2024-06-22T08:47,1.0313157894736804,UNKNOWN
2024-06-22T08:48,1.3313157894736847,UNKNOWN
2024-06-22T08:49,1.7313157894736833,UNKNOWN
2024-06-22T08:50,2.0313157894736804,UNKNOWN
2024-06-22T08:51,2.2313157894736833,UNKNOWN
2024-06-22T08:52,2.2313157894736833,UNKNOWN
2024-06-22T08:53,2.2313157894736833,UNKNOWN
2024-06-22T08:54,1.5313157894736804,UNKNOWN
2024-06-22T08:55,0.7313157894736833,UNKNOWN
2024-06-22T08:56,-0.16868421052631533,UNKNOWN
2024-06-22T08:57,-0.6686842105263153,UNKNOWN
2024-06-22T08:58,-0.8686842105263182,UNKNOWN
2024-06-22T08:59,-1.1686842105263153,UNKNOWN
2024-06-22T09:00,-1.2686842105263167,UNKNOWN
2024-06-22T09:01,-1.2686842105263167,UNKNOWN
2024-06-22T09:02,-0.968684210526316,UNKNOWN
2024-06-22T09:03,-0.8686842105263182,UNKNOWN
2024-06-22T09:04,-0.8686842105263182,UNKNOWN
2024-06-22T09:05,-0.6686842105263153,UNKNOWN
2024-06-22T09:06,-0.6686842105263153,UNKNOWN
2024-06-22T09:07,-0.6686842105263153,UNKNOWN
2024-06-22T09:08,-0.7686842105263167,UNKNOWN
2024-06-22T09:09,-0.8686842105263182,UNKNOWN
2024-06-22T09:10,-0.8686842105263182,UNKNOWN
2024-06-22T09:11,-0.7686842105263167,UNKNOWN
2024-06-22T09:12,1.0313157894736804,UNKNOWN
2024-06-22T09:13,1.5313157894736804,UNKNOWN
2024-06-22T09:14,1.7313157894736833,UNKNOWN
2024-06-22T09:15,2.0313157894736804,UNKNOWN
2024-06-22T09:16,1.7313157894736833,UNKNOWN
2024-06-22T09:17,0.9313157894736861,UNKNOWN
2024-06-22T09:18,0.3313157894736847,UNKNOWN
2024-06-22T09:19,-0.26868421052631675,UNKNOWN
2024-06-22T09:20,-1.1686842105263153,UNKNOWN
2024-06-22T09:21,-2.0686842105263175,UNKNOWN
2024-06-22T09:22,-2.868684210526318,UNKNOWN
2024-06-22T09:23,-3.5686842105263175,UNKNOWN
2024-06-22T09:24,-3.868684210526318,UNKNOWN
2024-06-22T09:25,-4.0686842105263175,UNKNOWN
2024-06-22T09:26,-4.268684210526317,UNKNOWN
2024-06-22T09:27,-4.468684210526316,UNKNOWN
2024-06-22T09:28,-4.268684210526317,UNKNOWN
2024-06-22T09:29,-4.0686842105263175,UNKNOWN
2024-06-22T09:30,-3.368684210526318,UNKNOWN
2024-06-22T09:31,-2.0686842105263175,UNKNOWN
2024-06-22T09:32,-1.8686842105263182,UNKNOWN
2024-06-22T09:33,-2.0686842105263175,UNKNOWN
2024-06-22T09:34,-2.1686842105263153,UNKNOWN
2024-06-22T09:35,-2.1686842105263153,UNKNOWN
2024-06-22T09:36,-2.1686842105263153,UNKNOWN
2024-06-22T09:37,-2.0686842105263175,UNKNOWN
2024-06-22T09:38,-2.1686842105263153,UNKNOWN
2024-06-22T09:39,-2.1686842105263153,UNKNOWN
2024-06-22T09:40,-2.368684210526318,UNKNOWN
2024-06-22T09:41,-2.5686842105263175,UNKNOWN
2024-06-22T09:42,-2.468684210526316,UNKNOWN
2024-06-22T09:43,-2.468684210526316,UNKNOWN
2024-06-22T09:44,-2.5686842105263175,UNKNOWN
2024-06-22T09:45,-2.6686842105263153,UNKNOWN
2024-06-22T09:46,-2.868684210526318,UNKNOWN
2024-06-22T09:47,-2.868684210526318,UNKNOWN
2024-06-22T09:48,-2.968684210526316,UNKNOWN
2024-06-22T09:49,-2.968684210526316,UNKNOWN
2024-06-22T09:50,-2.868684210526318,UNKNOWN
2024-06-22T09:51,-2.7686842105263167,UNKNOWN
2024-06-22T09:52,-2.5686842105263175,UNKNOWN
2024-06-22T09:53,-2.368684210526318,UNKNOWN
2024-06-22T09:54,-2.1686842105263153,UNKNOWN
2024-06-22T09:55,-1.968684210526316,UNKNOWN
2024-06-22T09:56,-1.6686842105263153,UNKNOWN
2024-06-22T09:57,-1.5686842105263175,UNKNOWN
2024-06-22T09:58,-1.468684210526316,UNKNOWN
2024-06-22T09:59,-1.3686842105263182,UNKNOWN
2024-06-22T10:00,-1.3686842105263182,UNKNOWN
2024-06-22T10:01,-1.2686842105263167,UNKNOWN
2024-06-22T10:02,-1.1686842105263153,UNKNOWN
2024-06-22T10:03,-1.3686842105263182,UNKNOWN
2024-06-22T10:04,-1.5686842105263175,UNKNOWN
2024-06-22T10:05,-1.468684210526316,UNKNOWN
2024-06-22T10:06,-1.6686842105263153,UNKNOWN
2024-06-22T10:07,-1.8686842105263182,UNKNOWN
2024-06-22T10:08,-1.8686842105263182,UNKNOWN
2024-06-22T10:09,-2.0686842105263175,UNKNOWN
2024-06-22T10:10,-2.2686842105263167,UNKNOWN
2024-06-22T10:11,-2.468684210526316,UNKNOWN
2024-06-22T10:12,-2.5686842105263175,UNKNOWN
2024-06-22T10:13,-2.5686842105263175,UNKNOWN
2024-06-22T10:14,-2.5686842105263175,UNKNOWN
2024-06-22T10:15,-2.5686842105263175,UNKNOWN
2024-06-22T10:16,-2.468684210526316,UNKNOWN
2024-06-22T10:17,-2.2686842105263167,UNKNOWN
2024-06-22T10:18,-2.1686842105263153,UNKNOWN
2024-06-22T10:19,-2.0686842105263175,UNKNOWN
2024-06-22T10:20,-1.968684210526316,UNKNOWN
2024-06-22T10:21,-1.8686842105263182,UNKNOWN
2024-06-22T10:22,-1.8686842105263182,UNKNOWN
2024-06-22T10:23,-1.968684210526316,UNKNOWN
2024-06-22T10:24,-1.5686842105263175,UNKNOWN
2024-06-22T10:25,-1.8686842105263182,UNKNOWN
2024-06-22T10:26,-2.468684210526316,UNKNOWN
2024-06-22T10:27,-2.968684210526316,UNKNOWN
2024-06-22T10:28,-3.2686842105263167,UNKNOWN
2024-06-22T10:29,-3.2686842105263167,UNKNOWN
2024-06-22T10:30,-3.2686842105263167,UNKNOWN
2024-06-22T10:31,-3.1686842105263153,UNKNOWN
2024-06-22T10:32,-2.868684210526318,UNKNOWN
2024-06-22T10:33,-2.5686842105263175,UNKNOWN
2024-06-22T10:34,-2.368684210526318,UNKNOWN
2024-06-22T10:35,-2.1686842105263153,UNKNOWN
2024-06-22T10:36,-1.968684210526316,UNKNOWN
2024-06-22T10:37,-1.6686842105263153,UNKNOWN
2024-06-22T10:38,-1.5686842105263175,UNKNOWN
2024-06-22T10:39,-1.468684210526316,UNKNOWN
2024-06-22T10:40,-1.468684210526316,UNKNOWN
2024-06-22T10:41,-1.2686842105263167,UNKNOWN
2024-06-22T10:42,-1.3686842105263182,UNKNOWN
2024-06-22T10:43,-1.1686842105263153,UNKNOWN
2024-06-22T10:44,-1.0686842105263175,UNKNOWN
2024-06-22T10:45,-1.1686842105263153,UNKNOWN
2024-06-22T10:46,-1.0686842105263175,UNKNOWN
2024-06-22T10:47,-0.968684210526316,UNKNOWN
2024-06-22T10:48,-0.968684210526316,UNKNOWN
2024-06-22T10:49,-0.968684210526316,UNKNOWN
2024-06-22T10:50,-0.8686842105263182,UNKNOWN
2024-06-22T10:51,-0.8686842105263182,UNKNOWN
2024-06-22T10:52,-0.8686842105263182,UNKNOWN
2024-06-22T10:53,-0.8686842105263182,UNKNOWN
2024-06-22T10:54,-0.8686842105263182,UNKNOWN
2024-06-22T10:55,-0.968684210526316,UNKNOWN
2024-06-22T10:56,-1.0686842105263175,UNKNOWN
2024-06-22T10:57,-1.0686842105263175,UNKNOWN
2024-06-22T10:58,-1.2686842105263167,UNKNOWN
2024-06-22T10:59,-1.3686842105263182,UNKNOWN
2024-06-22T11:00,-1.3686842105263182,UNKNOWN
2024-06-22T11:01,-1.2686842105263167,UNKNOWN
2024-06-22T11:02,-1.1686842105263153,UNKNOWN
2024-06-22T11:03,-1.0686842105263175,UNKNOWN
2024-06-22T11:04,-1.0686842105263175,UNKNOWN
2024-06-22T11:05,-0.8686842105263182,UNKNOWN
2024-06-22T11:06,-0.6686842105263153,UNKNOWN
2024-06-22T11:07,-0.46868421052631604,UNKNOWN
2024-06-22T11:08,-0.5686842105263175,UNKNOWN
2024-06-22T11:09,-0.46868421052631604,UNKNOWN
2024-06-22T11:10,-0.5686842105263175,UNKNOWN
2024-06-22T11:11,-0.5686842105263175,UNKNOWN
2024-06-22T11:12,-0.5686842105263175,UNKNOWN
2024-06-22T11:13,-0.5686842105263175,UNKNOWN
2024-06-22T11:14,-0.6686842105263153,UNKNOWN
2024-06-22T11:15,-0.8686842105263182,UNKNOWN
2024-06-22T11:16,-0.8686842105263182,UNKNOWN
2024-06-22T11:17,-0.968684210526316,UNKNOWN
2024-06-22T11:18,-0.968684210526316,UNKNOWN
2024-06-22T11:19,-1.0686842105263175,UNKNOWN
2024-06-22T11:20,-0.968684210526316,UNKNOWN
2024-06-22T11:21,-0.968684210526316,UNKNOWN
2024-06-22T11:22,-1.0686842105263175,UNKNOWN
2024-06-22T11:23,-1.0686842105263175,UNKNOWN
2024-06-22T11:24,-1.1686842105263153,UNKNOWN
2024-06-22T11:25,-1.1686842105263153,UNKNOWN
2024-06-22T11:26,-1.1686842105263153,UNKNOWN
2024-06-22T11:27,-1.2686842105263167,UNKNOWN
2024-06-22T11:28,-1.2686842105263167,UNKNOWN
2024-06-22T11:29,-1.1686842105263153,UNKNOWN
2024-06-22T11:30,-1.2686842105263167,UNKNOWN
2024-06-22T11:31,-1.3686842105263182,UNKNOWN
2024-06-22T11:32,-1.3686842105263182,UNKNOWN
2024-06-22T11:33,-1.3686842105263182,UNKNOWN
2024-06-22T11:34,-1.468684210526316,UNKNOWN
2024-06-22T11:35,-1.5686842105263175,UNKNOWN
2024-06-22T11:36,-1.5686842105263175,UNKNOWN
2024-06-22T11:37,-1.6686842105263153,UNKNOWN
2024-06-22T11:38,-1.468684210526316,UNKNOWN
2024-06-22T11:39,-1.3686842105263182,UNKNOWN
2024-06-22T11:40,-1.3686842105263182,UNKNOWN
2024-06-22T11:41,-1.2686842105263167,UNKNOWN
2024-06-22T11:42,-1.0686842105263175,UNKNOWN
2024-06-22T11:43,-0.968684210526316,UNKNOWN
2024-06-22T11:44,-0.8686842105263182,UNKNOWN
2024-06-22T11:45,-0.7686842105263167,UNKNOWN
2024-06-22T11:46,-0.7686842105263167,UNKNOWN
2024-06-22T11:47,-0.6686842105263153,UNKNOWN
2024-06-22T11:48,-0.5686842105263175,UNKNOWN
2024-06-22T11:49,-0.5686842105263175,UNKNOWN
2024-06-22T11:50,-0.46868421052631604,UNKNOWN
2024-06-22T11:51,-0.46868421052631604,UNKNOWN
2024-06-22T11:52,-0.46868421052631604,UNKNOWN
2024-06-22T11:53,-0.46868421052631604,UNKNOWN
2024-06-22T11:54,-0.46868421052631604,UNKNOWN
2024-06-22T11:55,-0.6686842105263153,UNKNOWN
2024-06-22T11:56,-0.8686842105263182,UNKNOWN
2024-06-22T11:57,-1.1686842105263153,UNKNOWN
2024-06-22T11:58,-1.3686842105263182,UNKNOWN
2024-06-22T11:59,-1.2686842105263167,UNKNOWN
2024-06-22T12:00,-1.468684210526316,UNKNOWN
2024-06-22T12:01,-1.5686842105263175,UNKNOWN
2024-06-22T12:02,-1.468684210526316,UNKNOWN
2024-06-22T12:03,-1.3686842105263182,UNKNOWN
2024-06-22T12:04,-1.2686842105263167,UNKNOWN
2024-06-22T12:05,-1.2686842105263167,UNKNOWN
2024-06-22T12:06,-1.1686842105263153,UNKNOWN
2024-06-22T12:07,-0.968684210526316,UNKNOWN
2024-06-22T12:08,-0.7686842105263167,UNKNOWN
2024-06-22T12:09,-0.7686842105263167,UNKNOWN
2024-06-22T12:10,-0.5686842105263175,UNKNOWN
2024-06-22T12:11,-0.46868421052631604,UNKNOWN
2024-06-22T12:12,-0.46868421052631604,UNKNOWN
2024-06-22T12:13,-0.5686842105263175,UNKNOWN
2024-06-22T12:14,-0.5686842105263175,UNKNOWN
2024-06-22T12:15,-0.5686842105263175,UNKNOWN
2024-06-22T12:16,-0.7686842105263167,UNKNOWN
2024-06-22T12:17,-0.8686842105263182,UNKNOWN
2024-06-22T12:18,-0.968684210526316,UNKNOWN
2024-06-22T12:19,-1.1686842105263153,UNKNOWN
2024-06-22T12:20,-1.1686842105263153,UNKNOWN
2024-06-22T12:21,-1.0686842105263175,UNKNOWN
2024-06-22T12:22,-1.0686842105263175,UNKNOWN
2024-06-22T12:23,-1.1686842105263153,UNKNOWN
2024-06-22T12:24,-1.2686842105263167,UNKNOWN
2024-06-22T12:25,-1.5686842105263175,UNKNOWN
2024-06-22T12:26,-1.6686842105263153,UNKNOWN
2024-06-22T12:27,-1.6686842105263153,UNKNOWN
2024-06-22T12:28,-1.5686842105263175,UNKNOWN
2024-06-22T12:29,-1.3686842105263182,UNKNOWN
2024-06-22T12:30,-1.3686842105263182,UNKNOWN
2024-06-22T12:31,-1.2686842105263167,UNKNOWN
2024-06-22T12:32,-1.2686842105263167,UNKNOWN
2024-06-22T12:33,-1.1686842105263153,UNKNOWN
2024-06-22T12:34,-1.0686842105263175,UNKNOWN
2024-06-22T12:35,-1.1686842105263153,UNKNOWN
2024-06-22T12:36,-0.968684210526316,UNKNOWN
2024-06-22T12:37,-0.968684210526316,UNKNOWN
2024-06-22T12:38,-0.8686842105263182,UNKNOWN
2024-06-22T12:39,-0.7686842105263167,UNKNOWN
2024-06-22T12:40,-0.5686842105263175,UNKNOWN
2024-06-22T12:41,-0.46868421052631604,UNKNOWN
2024-06-22T12:42,-0.36868421052631817,UNKNOWN
2024-06-22T12:43,-0.26868421052631675,UNKNOWN
2024-06-22T12:44,-0.16868421052631533,UNKNOWN
2024-06-22T12:45,-0.26868421052631675,UNKNOWN
2024-06-22T12:46,-0.26868421052631675,UNKNOWN
2024-06-22T12:47,-0.5686842105263175,UNKNOWN
2024-06-22T12:48,-0.7686842105263167,UNKNOWN
2024-06-22T12:49,-0.7686842105263167,UNKNOWN
2024-06-22T12:50,-0.5686842105263175,UNKNOWN
2024-06-22T12:51,-0.5686842105263175,UNKNOWN
2024-06-22T12:52,-0.5686842105263175,UNKNOWN
2024-06-22T12:53,-0.6686842105263153,UNKNOWN
2024-06-22T12:54,-0.968684210526316,UNKNOWN
2024-06-22T12:55,-0.8686842105263182,UNKNOWN
2024-06-22T12:56,-0.968684210526316,UNKNOWN
2024-06-22T12:57,-0.968684210526316,UNKNOWN
2024-06-22T12:58,-0.8686842105263182,UNKNOWN
2024-06-22T12:59,-1.0686842105263175,UNKNOWN
2024-06-22T13:00,-1.1686842105263153,UNKNOWN
2024-06-22T13:01,-1.1686842105263153,UNKNOWN
2024-06-22T13:02,-1.1686842105263153,UNKNOWN
2024-06-22T13:03,-0.5686842105263175,UNKNOWN
2024-06-22T13:04,-0.16868421052631533,UNKNOWN
2024-06-22T13:05,-0.16868421052631533,UNKNOWN
2024-06-22T13:06,-0.5686842105263175,UNKNOWN
2024-06-22T13:07,-1.1686842105263153,UNKNOWN
2024-06-22T13:08,-1.3686842105263182,UNKNOWN
2024-06-22T13:09,-1.3686842105263182,UNKNOWN
2024-06-22T13:10,-1.468684210526316,UNKNOWN
2024-06-22T13:11,-1.3686842105263182,UNKNOWN
2024-06-22T13:12,-1.0686842105263175,UNKNOWN
2024-06-22T13:13,-1.1686842105263153,UNKNOWN
2024-06-22T13:14,-1.2686842105263167,UNKNOWN
2024-06-22T13:15,-1.1686842105263153,UNKNOWN
2024-06-22T13:16,-1.1686842105263153,UNKNOWN
2024-06-22T13:17,-1.0686842105263175,UNKNOWN
2024-06-22T13:18,-0.968684210526316,UNKNOWN
2024-06-22T13:19,-1.0686842105263175,UNKNOWN
2024-06-22T13:20,-1.1686842105263153,UNKNOWN
2024-06-22T13:21,-1.1686842105263153,UNKNOWN
2024-06-22T13:22,-1.0686842105263175,UNKNOWN
2024-06-22T13:23,-1.1686842105263153,UNKNOWN
2024-06-22T13:24,-1.3686842105263182,UNKNOWN
2024-06-22T13:25,-1.2686842105263167,UNKNOWN
2024-06-22T13:26,-1.1686842105263153,UNKNOWN
2024-06-22T13:27,-1.1686842105263153,UNKNOWN
2024-06-22T13:28,-1.1686842105263153,UNKNOWN
2024-06-22T13:29,-1.1686842105263153,UNKNOWN
2024-06-22T13:30,-0.8686842105263182,UNKNOWN
2024-06-22T13:31,-0.46868421052631604,UNKNOWN
2024-06-22T13:32,-0.26868421052631675,UNKNOWN
2024-06-22T13:33,-0.26868421052631675,UNKNOWN
2024-06-22T13:34,-0.46868421052631604,UNKNOWN
2024-06-22T13:35,-0.16868421052631533,UNKNOWN
2024-06-22T13:36,0.031315789473683964,UNKNOWN
2024-06-22T13:37,0.13131578947368183,UNKNOWN
2024-06-22T13:38,-0.06868421052631746,UNKNOWN
2024-06-22T13:39,-0.46868421052631604,UNKNOWN
2024-06-22T13:40,-0.6686842105263153,UNKNOWN
2024-06-22T13:41,-0.7686842105263167,UNKNOWN
2024-06-22T13:42,-0.6686842105263153,UNKNOWN
2024-06-22T13:43,-0.8686842105263182,UNKNOWN
2024-06-22T13:44,-1.0686842105263175,UNKNOWN
2024-06-22T13:45,-1.3686842105263182,UNKNOWN
2024-06-22T13:46,-1.468684210526316,UNKNOWN
2024-06-22T13:47,-1.468684210526316,UNKNOWN
2024-06-22T13:48,-1.468684210526316,UNKNOWN
2024-06-22T13:49,-1.2686842105263167,UNKNOWN
2024-06-22T13:50,-1.1686842105263153,UNKNOWN
2024-06-22T13:51,-1.1686842105263153,UNKNOWN
2024-06-22T13:52,-1.0686842105263175,UNKNOWN
2024-06-22T13:53,-0.8686842105263182,UNKNOWN
2024-06-22T13:54,-0.6686842105263153,UNKNOWN
2024-06-22T13:55,-0.7686842105263167,UNKNOWN
2024-06-22T13:56,-1.0686842105263175,UNKNOWN
2024-06-22T13:57,-1.0686842105263175,UNKNOWN
2024-06-22T13:58,-1.1686842105263153,UNKNOWN
2024-06-22T13:59,-0.968684210526316,UNKNOWN
2024-06-22T14:00,-0.7686842105263167,UNKNOWN
2024-06-22T14:01,-1.0686842105263175,UNKNOWN
2024-06-22T14:02,-1.1686842105263153,UNKNOWN
2024-06-22T14:03,-1.3686842105263182,UNKNOWN
2024-06-22T14:04,-1.468684210526316,UNKNOWN
2024-06-22T14:05,-1.8686842105263182,UNKNOWN
2024-06-22T14:06,-1.968684210526316,UNKNOWN
2024-06-22T14:07,-1.968684210526316,UNKNOWN
2024-06-22T14:08,-1.968684210526316,UNKNOWN
2024-06-22T14:09,-1.6686842105263153,UNKNOWN
2024-06-22T14:10,-1.8686842105263182,UNKNOWN
2024-06-22T14:11,-2.368684210526318,UNKNOWN
2024-06-22T14:12,-2.6686842105263153,UNKNOWN
2024-06-22T14:13,-2.5686842105263175,UNKNOWN
2024-06-22T14:14,-2.5686842105263175,UNKNOWN
2024-06-22T14:15,-2.468684210526316,UNKNOWN
2024-06-22T14:16,-2.468684210526316,UNKNOWN
2024-06-22T14:17,-2.468684210526316,UNKNOWN
2024-06-22T14:18,-2.368684210526318,UNKNOWN
2024-06-22T14:19,-2.468684210526316,UNKNOWN
2024-06-22T14:20,-2.7686842105263167,UNKNOWN
2024-06-22T14:21,-3.1686842105263153,UNKNOWN
2024-06-22T14:22,-3.368684210526318,UNKNOWN
2024-06-22T14:23,-3.468684210526316,UNKNOWN
2024-06-22T14:24,-3.2686842105263167,UNKNOWN
2024-06-22T14:25,-3.0686842105263175,UNKNOWN
2024-06-22T14:26,-2.868684210526318,UNKNOWN
2024-06-22T14:27,-2.7686842105263167,UNKNOWN
2024-06-22T14:28,-2.6686842105263153,UNKNOWN
2024-06-22T14:29,-2.5686842105263175,UNKNOWN
2024-06-22T14:30,-2.5686842105263175,UNKNOWN
2024-06-22T14:31,-2.5686842105263175,UNKNOWN
2024-06-22T14:32,-2.5686842105263175,UNKNOWN
2024-06-22T14:33,-2.6686842105263153,UNKNOWN
2024-06-22T14:34,-2.868684210526318,UNKNOWN
2024-06-22T14:35,-2.868684210526318,UNKNOWN
2024-06-22T14:36,-2.968684210526316,UNKNOWN
2024-06-22T14:37,-3.0686842105263175,UNKNOWN
2024-06-22T14:38,-3.1686842105263153,UNKNOWN
2024-06-22T14:39,-3.0686842105263175,UNKNOWN
2024-06-22T14:40,-2.868684210526318,UNKNOWN
2024-06-22T14:41,-2.7686842105263167,UNKNOWN
2024-06-22T14:42,-2.468684210526316,UNKNOWN
2024-06-22T14:43,-1.8686842105263182,UNKNOWN
2024-06-22T14:44,-1.8686842105263182,UNKNOWN
2024-06-22T14:45,-1.968684210526316,UNKNOWN
2024-06-22T14:46,-2.0686842105263175,UNKNOWN
2024-06-22T14:47,-2.1686842105263153,UNKNOWN
2024-06-22T14:48,-2.2686842105263167,UNKNOWN
2024-06-22T14:49,-2.5686842105263175,UNKNOWN
2024-06-22T14:50,-2.868684210526318,UNKNOWN
2024-06-22T14:51,-3.1686842105263153,UNKNOWN
2024-06-22T14:52,-3.2686842105263167,UNKNOWN
2024-06-22T14:53,-3.468684210526316,UNKNOWN
2024-06-22T14:54,-3.5686842105263175,UNKNOWN
2024-06-22T14:55,-3.6686842105263153,UNKNOWN
2024-06-22T14:56,-3.5686842105263175,UNKNOWN
2024-06-22T14:57,-3.368684210526318,UNKNOWN
2024-06-22T14:58,-2.868684210526318,UNKNOWN
2024-06-22T14:59,-2.7686842105263167,UNKNOWN
2024-06-22T15:00,-2.868684210526318,UNKNOWN
2024-06-22T15:01,-3.1686842105263153,UNKNOWN
2024-06-22T15:02,-3.368684210526318,UNKNOWN
2024-06-22T15:03,-3.468684210526316,UNKNOWN
2024-06-22T15:04,-3.468684210526316,UNKNOWN
2024-06-22T15:05,-3.368684210526318,UNKNOWN
2024-06-22T15:06,-3.2686842105263167,UNKNOWN
2024-06-22T15:07,-3.2686842105263167,UNKNOWN
2024-06-22T15:08,-3.468684210526316,UNKNOWN
2024-06-22T15:09,-3.368684210526318,UNKNOWN
2024-06-22T15:10,-3.2686842105263167,UNKNOWN
2024-06-22T15:11,-3.468684210526316,UNKNOWN
2024-06-22T15:12,-3.5686842105263175,UNKNOWN
2024-06-22T15:13,-3.868684210526318,UNKNOWN
2024-06-22T15:14,-4.0686842105263175,UNKNOWN
2024-06-22T15:15,-4.468684210526316,UNKNOWN
2024-06-22T15:16,-4.668684210526315,UNKNOWN
2024-06-22T15:17,-4.468684210526316,UNKNOWN
2024-06-22T15:18,-3.868684210526318,UNKNOWN
2024-06-22T15:19,-4.0686842105263175,UNKNOWN
2024-06-22T15:20,-4.368684210526318,UNKNOWN
2024-06-22T15:21,-4.268684210526317,UNKNOWN
2024-06-22T15:22,-4.0686842105263175,UNKNOWN
2024-06-22T15:23,-3.968684210526316,UNKNOWN
2024-06-22T15:24,-3.868684210526318,UNKNOWN
2024-06-22T15:25,-3.868684210526318,UNKNOWN
2024-06-22T15:26,-3.6686842105263153,UNKNOWN
2024-06-22T15:27,-3.468684210526316,UNKNOWN
2024-06-22T15:28,-3.2686842105263167,UNKNOWN
2024-06-22T15:29,-3.368684210526318,UNKNOWN
2024-06-22T15:30,-3.468684210526316,UNKNOWN
2024-06-22T15:31,-3.5686842105263175,UNKNOWN
2024-06-22T15:32,-3.5686842105263175,UNKNOWN
2024-06-22T15:33,-3.468684210526316,UNKNOWN
2024-06-22T15:34,-3.468684210526316,UNKNOWN
2024-06-22T15:35,-3.5686842105263175,UNKNOWN
2024-06-22T15:36,-3.5686842105263175,UNKNOWN
2024-06-22T15:37,-3.6686842105263153,UNKNOWN
2024-06-22T15:38,-3.6686842105263153,UNKNOWN
2024-06-22T15:39,-3.6686842105263153,UNKNOWN
2024-06-22T15:40,-3.7686842105263167,UNKNOWN
2024-06-22T15:41,-3.6686842105263153,UNKNOWN
2024-06-22T15:42,-3.5686842105263175,UNKNOWN
2024-06-22T15:43,-3.6686842105263153,UNKNOWN
2024-06-22T15:44,-3.7686842105263167,UNKNOWN
2024-06-22T15:45,-3.7686842105263167,UNKNOWN
2024-06-22T15:46,-3.468684210526316,UNKNOWN
2024-06-22T15:47,-3.2686842105263167,UNKNOWN
2024-06-22T15:48,-3.1686842105263153,UNKNOWN
2024-06-22T15:49,-3.1686842105263153,UNKNOWN
2024-06-22T15:50,-3.2686842105263167,UNKNOWN
2024-06-22T15:51,-3.2686842105263167,UNKNOWN
2024-06-22T15:52,-3.2686842105263167,UNKNOWN
2024-06-22T15:53,-3.2686842105263167,UNKNOWN
2024-06-22T15:54,-3.368684210526318,UNKNOWN
2024-06-22T15:55,-3.468684210526316,UNKNOWN
2024-06-22T15:56,-3.6686842105263153,UNKNOWN
2024-06-22T15:57,-3.7686842105263167,UNKNOWN
2024-06-22T15:58,-3.7686842105263167,UNKNOWN
2024-06-22T15:59,-3.7686842105263167,UNKNOWN
2024-06-22T16:00,-3.368684210526318,UNKNOWN
2024-06-22T16:01,-3.368684210526318,UNKNOWN
2024-06-22T16:02,-3.468684210526316,UNKNOWN
2024-06-22T16:03,-3.368684210526318,UNKNOWN
2024-06-22T16:04,-3.5686842105263175,UNKNOWN
2024-06-22T16:05,-3.5686842105263175,UNKNOWN
2024-06-22T16:06,-3.5686842105263175,UNKNOWN
2024-06-22T16:07,-3.6686842105263153,UNKNOWN
2024-06-22T16:08,-3.7686842105263167,UNKNOWN
2024-06-22T16:09,-3.6686842105263153,UNKNOWN
2024-06-22T16:10,-3.5686842105263175,UNKNOWN
2024-06-22T16:11,-3.368684210526318,UNKNOWN
2024-06-22T16:12,-3.2686842105263167,UNKNOWN
2024-06-22T16:13,-3.368684210526318,UNKNOWN
2024-06-22T16:14,-3.368684210526318,UNKNOWN
2024-06-22T16:15,-3.2686842105263167,UNKNOWN
2024-06-22T16:16,-3.2686842105263167,UNKNOWN
2024-06-22T16:17,-3.2686842105263167,UNKNOWN
2024-06-22T16:18,-3.1686842105263153,UNKNOWN
2024-06-22T16:19,-2.868684210526318,UNKNOWN
2024-06-22T16:20,-2.5686842105263175,UNKNOWN
2024-06-22T16:21,-2.6686842105263153,UNKNOWN
2024-06-22T16:22,-2.7686842105263167,UNKNOWN
2024-06-22T16:23,-2.968684210526316,UNKNOWN
2024-06-22T16:24,-2.968684210526316,UNKNOWN
2024-06-22T16:25,-2.868684210526318,UNKNOWN
2024-06-22T16:26,-2.7686842105263167,UNKNOWN
2024-06-22T16:27,-2.7686842105263167,UNKNOWN
2024-06-22T16:28,-2.7686842105263167,UNKNOWN
2024-06-22T16:29,-2.868684210526318,UNKNOWN
2024-06-22T16:30,-3.0686842105263175,UNKNOWN
2024-06-22T16:31,-3.1686842105263153,UNKNOWN
2024-06-22T16:32,-3.368684210526318,UNKNOWN
2024-06-22T16:33,-3.368684210526318,UNKNOWN
2024-06-22T16:34,-3.368684210526318,UNKNOWN
2024-06-22T16:35,-3.1686842105263153,UNKNOWN
2024-06-22T16:36,-3.0686842105263175,UNKNOWN
2024-06-22T16:37,-3.0686842105263175,UNKNOWN
2024-06-22T16:38,-2.6686842105263153,UNKNOWN
2024-06-22T16:39,-2.7686842105263167,UNKNOWN
2024-06-22T16:40,-3.0686842105263175,UNKNOWN
2024-06-22T16:41,-3.0686842105263175,UNKNOWN
2024-06-22T16:42,-3.0686842105263175,UNKNOWN
2024-06-22T16:43,-3.1686842105263153,UNKNOWN
2024-06-22T16:44,-3.1686842105263153,UNKNOWN
2024-06-22T16:45,-3.368684210526318,UNKNOWN
2024-06-22T16:46,-3.468684210526316,UNKNOWN
2024-06-22T16:47,-3.2686842105263167,UNKNOWN
2024-06-22T16:48,-3.0686842105263175,UNKNOWN
2024-06-22T16:49,-3.0686842105263175,UNKNOWN
2024-06-22T16:50,-2.868684210526318,UNKNOWN
2024-06-22T16:51,-2.868684210526318,UNKNOWN
2024-06-22T16:52,-2.7686842105263167,UNKNOWN
2024-06-22T16:53,-1.968684210526316,UNKNOWN
2024-06-22T16:54,-1.468684210526316,UNKNOWN
2024-06-22T16:55,-1.7686842105263167,UNKNOWN
2024-06-22T16:56,-2.1686842105263153,UNKNOWN
2024-06-22T16:57,-2.6686842105263153,UNKNOWN
2024-06-22T16:58,-2.7686842105263167,UNKNOWN
2024-06-22T16:59,-2.968684210526316,UNKNOWN
2024-06-22T17:00,-2.7686842105263167,UNKNOWN
2024-06-22T17:01,-2.5686842105263175,UNKNOWN
2024-06-22T17:02,-2.0686842105263175,UNKNOWN
2024-06-22T17:03,-1.468684210526316,UNKNOWN
2024-06-22T17:04,-1.7686842105263167,UNKNOWN
2024-06-22T17:05,-2.2686842105263167,UNKNOWN
2024-06-22T17:06,-2.7686842105263167,UNKNOWN
2024-06-22T17:07,-2.968684210526316,UNKNOWN
2024-06-22T17:08,-3.2686842105263167,UNKNOWN
2024-06-22T17:09,-3.468684210526316,UNKNOWN
2024-06-22T17:10,-3.6686842105263153,UNKNOWN
2024-06-22T17:11,-3.7686842105263167,UNKNOWN
2024-06-22T17:12,-2.868684210526318,UNKNOWN
2024-06-22T17:13,-2.868684210526318,UNKNOWN
2024-06-22T17:14,-3.1686842105263153,UNKNOWN
2024-06-22T17:15,-3.468684210526316,UNKNOWN
2024-06-22T17:16,-3.1686842105263153,UNKNOWN
2024-06-22T17:17,-3.0686842105263175,UNKNOWN
2024-06-22T17:18,-3.2686842105263167,UNKNOWN
2024-06-22T17:19,-3.368684210526318,UNKNOWN
2024-06-22T17:20,-3.468684210526316,UNKNOWN
2024-06-22T17:21,-3.7686842105263167,UNKNOWN
2024-06-22T17:22,-3.968684210526316,UNKNOWN
2024-06-22T17:23,-4.0686842105263175,UNKNOWN
2024-06-22T17:24,-4.168684210526315,UNKNOWN
2024-06-22T17:25,-4.168684210526315,UNKNOWN
2024-06-22T17:26,-4.268684210526317,UNKNOWN
2024-06-22T17:27,-4.5686842105263175,UNKNOWN
2024-06-22T17:28,-4.868684210526318,UNKNOWN
2024-06-22T17:29,-5.168684210526315,UNKNOWN
2024-06-22T17:30,-5.268684210526317,UNKNOWN
2024-06-22T17:31,-5.268684210526317,UNKNOWN
2024-06-22T17:32,-5.268684210526317,UNKNOWN
2024-06-22T17:33,-5.168684210526315,UNKNOWN
2024-06-22T17:34,-5.0686842105263175,UNKNOWN
2024-06-22T17:35,-5.268684210526317,UNKNOWN
2024-06-22T17:36,-5.168684210526315,UNKNOWN
2024-06-22T17:37,-4.768684210526317,UNKNOWN
2024-06-22T17:38,-4.368684210526318,UNKNOWN
2024-06-22T17:39,-4.268684210526317,UNKNOWN
2024-06-22T17:40,-4.168684210526315,UNKNOWN
2024-06-22T17:41,-3.968684210526316,UNKNOWN
2024-06-22T17:42,-3.6686842105263153,UNKNOWN
2024-06-22T17:43,-3.468684210526316,UNKNOWN
2024-06-22T17:44,-3.1686842105263153,UNKNOWN
2024-06-22T17:45,-2.868684210526318,UNKNOWN
2024-06-22T17:46,-2.468684210526316,UNKNOWN
2024-06-22T17:47,-2.1686842105263153,UNKNOWN
2024-06-22T17:48,-1.968684210526316,UNKNOWN
2024-06-22T17:49,-1.8686842105263182,UNKNOWN
2024-06-22T17:50,-1.6686842105263153,UNKNOWN
2024-06-22T17:51,-1.5686842105263175,UNKNOWN
2024-06-22T17:52,-1.5686842105263175,UNKNOWN
2024-06-22T17:53,-1.968684210526316,UNKNOWN
2024-06-22T17:54,-2.7686842105263167,UNKNOWN
2024-06-22T17:55,-3.2686842105263167,UNKNOWN
2024-06-22T17:56,-3.5686842105263175,UNKNOWN
2024-06-22T17:57,-3.5686842105263175,UNKNOWN
2024-06-22T17:58,-3.2686842105263167,UNKNOWN
2024-06-22T17:59,-3.368684210526318,UNKNOWN
2024-06-22T18:00,-3.6686842105263153,UNKNOWN
2024-06-22T18:01,-4.0686842105263175,UNKNOWN
2024-06-22T18:02,-4.268684210526317,UNKNOWN
2024-06-22T18:03,-4.5686842105263175,UNKNOWN
2024-06-22T18:04,-4.668684210526315,UNKNOWN
2024-06-22T18:05,-4.668684210526315,UNKNOWN
2024-06-22T18:06,-4.668684210526315,UNKNOWN
2024-06-22T18:07,-4.5686842105263175,UNKNOWN
2024-06-22T18:08,-4.368684210526318,UNKNOWN
2024-06-22T18:09,-4.168684210526315,UNKNOWN
2024-06-22T18:10,-4.368684210526318,UNKNOWN
2024-06-22T18:11,-4.368684210526318,UNKNOWN
2024-06-22T18:12,-4.268684210526317,UNKNOWN
2024-06-22T18:13,-4.0686842105263175,UNKNOWN
2024-06-22T18:14,-0.8686842105263182,UNKNOWN
2024-06-22T18:15,0.23131578947368325,UNKNOWN
2024-06-22T18:16,1.3313157894736847,UNKNOWN
2024-06-22T18:17,1.7313157894736833,UNKNOWN
2024-06-22T18:18,2.2313157894736833,UNKNOWN
2024-06-22T18:19,2.2313157894736833,UNKNOWN
2024-06-22T18:20,2.431315789473686,UNKNOWN
2024-06-22T18:21,1.431315789473686,UNKNOWN
2024-06-22T18:22,0.5313157894736804,UNKNOWN
2024-06-22T18:23,-0.26868421052631675,UNKNOWN
2024-06-22T18:24,-1.3686842105263182,UNKNOWN
2024-06-22T18:25,-2.1686842105263153,UNKNOWN
2024-06-22T18:26,-2.868684210526318,UNKNOWN
2024-06-22T18:27,-3.1686842105263153,UNKNOWN
2024-06-22T18:28,-3.468684210526316,UNKNOWN
2024-06-22T18:29,-3.468684210526316,UNKNOWN
2024-06-22T18:30,-3.2686842105263167,UNKNOWN
2024-06-22T18:31,-3.2686842105263167,UNKNOWN
2024-06-22T18:32,-3.1686842105263153,UNKNOWN
2024-06-22T18:33,-3.1686842105263153,UNKNOWN
2024-06-22T18:34,-3.0686842105263175,UNKNOWN
2024-06-22T18:35,-3.1686842105263153,UNKNOWN
2024-06-22T18:36,-3.2686842105263167,UNKNOWN
2024-06-22T18:37,-3.1686842105263153,UNKNOWN
2024-06-22T18:38,-3.2686842105263167,UNKNOWN
2024-06-22T18:39,-3.368684210526318,UNKNOWN
2024-06-22T18:40,-3.5686842105263175,UNKNOWN
2024-06-22T18:41,-3.868684210526318,UNKNOWN
2024-06-22T18:42,-3.868684210526318,UNKNOWN
2024-06-22T18:43,-4.0686842105263175,UNKNOWN
2024-06-22T18:44,-4.0686842105263175,UNKNOWN
2024-06-22T18:45,-4.168684210526315,UNKNOWN
2024-06-22T18:46,-4.168684210526315,UNKNOWN
2024-06-22T18:47,-4.168684210526315,UNKNOWN
2024-06-22T18:48,-4.268684210526317,UNKNOWN
2024-06-22T18:49,-4.368684210526318,UNKNOWN
2024-06-22T18:50,-4.468684210526316,UNKNOWN
2024-06-22T18:51,-4.468684210526316,UNKNOWN
2024-06-22T18:52,-4.868684210526318,UNKNOWN
2024-06-22T18:53,-4.768684210526317,UNKNOWN
2024-06-22T18:54,-4.668684210526315,UNKNOWN
2024-06-22T18:55,-4.5686842105263175,UNKNOWN
2024-06-22T18:56,-4.668684210526315,UNKNOWN
2024-06-22T18:57,-4.768684210526317,UNKNOWN
2024-06-22T18:58,-4.868684210526318,UNKNOWN
2024-06-22T18:59,-4.468684210526316,UNKNOWN
2024-06-22T19:00,-3.6686842105263153,UNKNOWN
2024-06-22T19:01,-3.0686842105263175,UNKNOWN
2024-06-22T19:02,-2.7686842105263167,UNKNOWN
2024-06-22T19:03,-2.868684210526318,UNKNOWN
2024-06-22T19:04,-2.868684210526318,UNKNOWN
2024-06-22T19:05,-2.868684210526318,UNKNOWN
2024-06-22T19:06,-2.7686842105263167,UNKNOWN
2024-06-22T19:07,-2.5686842105263175,UNKNOWN
2024-06-22T19:08,-2.5686842105263175,UNKNOWN
2024-06-22T19:09,-2.368684210526318,UNKNOWN
2024-06-22T19:10,-2.2686842105263167,UNKNOWN
2024-06-22T19:11,-2.2686842105263167,UNKNOWN
2024-06-22T19:12,-1.968684210526316,UNKNOWN
2024-06-22T19:13,-1.8686842105263182,UNKNOWN
2024-06-22T19:14,-2.1686842105263153,UNKNOWN
2024-06-22T19:15,-2.2686842105263167,UNKNOWN
2024-06-22T19:16,-1.968684210526316,UNKNOWN
2024-06-22T19:17,-1.8686842105263182,UNKNOWN
2024-06-22T19:18,-2.0686842105263175,UNKNOWN
2024-06-22T19:19,-2.2686842105263167,UNKNOWN
2024-06-22T19:20,-2.368684210526318,UNKNOWN
2024-06-22T19:21,-2.7686842105263167,UNKNOWN
2024-06-22T19:22,-2.868684210526318,UNKNOWN
2024-06-22T19:23,-3.0686842105263175,UNKNOWN
2024-06-22T19:24,-3.2686842105263167,UNKNOWN
2024-06-22T19:25,-3.5686842105263175,UNKNOWN
2024-06-22T19:26,-3.7686842105263167,UNKNOWN
2024-06-22T19:27,-3.7686842105263167,UNKNOWN
2024-06-22T19:28,-3.6686842105263153,UNKNOWN
2024-06-22T19:29,-3.6686842105263153,UNKNOWN
2024-06-22T19:30,-3.5686842105263175,UNKNOWN
2024-06-22T19:31,-3.5686842105263175,UNKNOWN
2024-06-22T19:32,-3.6686842105263153,UNKNOWN
2024-06-22T19:33,-3.5686842105263175,UNKNOWN
2024-06-22T19:34,-3.5686842105263175,UNKNOWN
2024-06-22T19:35,-3.468684210526316,UNKNOWN
2024-06-22T19:36,-3.5686842105263175,UNKNOWN
2024-06-22T19:37,-3.468684210526316,UNKNOWN
2024-06-22T19:38,-3.468684210526316,UNKNOWN
2024-06-22T19:39,-3.368684210526318,UNKNOWN
2024-06-22T19:40,-3.368684210526318,UNKNOWN
2024-06-22T19:41,-3.2686842105263167,UNKNOWN
2024-06-22T19:42,-3.468684210526316,UNKNOWN
2024-06-22T19:43,-3.2686842105263167,UNKNOWN
2024-06-22T19:44,-3.368684210526318,UNKNOWN
2024-06-22T19:45,-3.368684210526318,UNKNOWN
2024-06-22T19:46,-3.368684210526318,UNKNOWN
2024-06-22T19:47,-3.468684210526316,UNKNOWN
2024-06-22T19:48,-3.2686842105263167,UNKNOWN
2024-06-22T19:49,-3.1686842105263153,UNKNOWN
2024-06-22T19:50,-2.968684210526316,UNKNOWN
2024-06-22T19:51,-2.7686842105263167,UNKNOWN
2024-06-22T19:52,-2.468684210526316,UNKNOWN
2024-06-22T19:53,-2.368684210526318,UNKNOWN
2024-06-22T19:54,-2.2686842105263167,UNKNOWN
2024-06-22T19:55,-2.0686842105263175,UNKNOWN
2024-06-22T19:56,-1.8686842105263182,UNKNOWN
2024-06-22T19:57,-1.7686842105263167,UNKNOWN
2024-06-22T19:58,-1.7686842105263167,UNKNOWN
2024-06-22T19:59,-1.6686842105263153,UNKNOWN
2024-06-22T20:00,-1.6686842105263153,UNKNOWN
2024-06-22T20:01,-1.5686842105263175,UNKNOWN
2024-06-22T20:02,-1.3686842105263182,UNKNOWN
2024-06-22T20:03,-1.2686842105263167,UNKNOWN
2024-06-22T20:04,-1.2686842105263167,UNKNOWN
2024-06-22T20:05,-1.1686842105263153,UNKNOWN
2024-06-22T20:06,-1.0686842105263175,UNKNOWN
2024-06-22T20:07,-0.968684210526316,UNKNOWN
2024-06-22T20:08,-0.968684210526316,UNKNOWN
2024-06-22T20:09,-1.0686842105263175,UNKNOWN
2024-06-22T20:10,-0.8686842105263182,UNKNOWN
2024-06-22T20:11,-0.46868421052631604,UNKNOWN
2024-06-22T20:12,-0.6686842105263153,UNKNOWN
2024-06-22T20:13,-0.968684210526316,UNKNOWN
2024-06-22T20:14,-1.468684210526316,UNKNOWN
2024-06-22T20:15,-1.7686842105263167,UNKNOWN
2024-06-22T20:16,-1.5686842105263175,UNKNOWN
2024-06-22T20:17,-1.2686842105263167,UNKNOWN
2024-06-22T20:18,-1.1686842105263153,UNKNOWN
2024-06-22T20:19,-1.2686842105263167,UNKNOWN
2024-06-22T20:20,-1.3686842105263182,UNKNOWN
2024-06-22T20:21,-1.468684210526316,UNKNOWN
2024-06-22T20:22,-0.968684210526316,UNKNOWN
2024-06-22T20:23,-0.5686842105263175,UNKNOWN
2024-06-22T20:24,-0.06868421052631746,UNKNOWN
2024-06-22T20:25,0.23131578947368325,UNKNOWN
2024-06-22T20:26,0.23131578947368325,UNKNOWN
2024-06-22T20:27,0.5313157894736804,UNKNOWN
2024-06-22T20:28,0.8313157894736847,UNKNOWN
2024-06-22T20:29,1.2313157894736833,UNKNOWN
2024-06-22T20:30,1.2313157894736833,UNKNOWN
2024-06-22T20:31,1.0313157894736804,UNKNOWN
2024-06-22T20:32,0.8313157894736847,UNKNOWN
2024-06-22T20:33,0.4313157894736861,UNKNOWN
2024-06-22T20:34,0.23131578947368325,UNKNOWN
2024-06-22T20:35,0.23131578947368325,UNKNOWN
2024-06-22T20:36,0.13131578947368183,UNKNOWN
2024-06-22T20:37,0.13131578947368183,UNKNOWN
2024-06-22T20:38,0.4313157894736861,UNKNOWN
2024-06-22T20:39,0.4313157894736861,UNKNOWN
2024-06-22T20:40,0.23131578947368325,UNKNOWN
2024-06-22T20:41,0.031315789473683964,UNKNOWN
2024-06-22T20:42,0.031315789473683964,UNKNOWN
2024-06-22T20:43,-0.16868421052631533,UNKNOWN
2024-06-22T20:44,0.13131578947368183,UNKNOWN
2024-06-22T20:45,0.4313157894736861,UNKNOWN
2024-06-22T20:46,0.7313157894736833,UNKNOWN
2024-06-22T20:47,0.8313157894736847,UNKNOWN
2024-06-22T20:48,0.9313157894736861,UNKNOWN
2024-06-22T20:49,0.7313157894736833,UNKNOWN
2024-06-22T20:50,0.4313157894736861,UNKNOWN
2024-06-22T20:51,0.13131578947368183,UNKNOWN
2024-06-22T20:52,-0.06868421052631746,UNKNOWN
2024-06-22T20:53,-0.26868421052631675,UNKNOWN
2024-06-22T20:54,-0.36868421052631817,UNKNOWN
2024-06-22T20:55,-0.26868421052631675,UNKNOWN
2024-06-22T20:56,-0.36868421052631817,UNKNOWN
2024-06-22T20:57,-0.46868421052631604,UNKNOWN
2024-06-22T20:58,-0.36868421052631817,UNKNOWN
2024-06-22T20:59,-0.36868421052631817,UNKNOWN
2024-06-22T21:00,-0.26868421052631675,UNKNOWN
2024-06-22T21:01,-0.26868421052631675,UNKNOWN
2024-06-22T21:02,-0.26868421052631675,UNKNOWN
2024-06-22T21:03,-0.26868421052631675,UNKNOWN
2024-06-22T21:04,-0.26868421052631675,UNKNOWN
2024-06-22T21:05,-0.26868421052631675,UNKNOWN
2024-06-22T21:06,-0.46868421052631604,UNKNOWN
2024-06-22T21:07,-0.46868421052631604,UNKNOWN
2024-06-22T21:08,-0.6686842105263153,UNKNOWN
2024-06-22T21:09,-0.7686842105263167,UNKNOWN
2024-06-22T21:10,-0.8686842105263182,UNKNOWN
2024-06-22T21:11,-0.8686842105263182,UNKNOWN
2024-06-22T21:12,-0.7686842105263167,UNKNOWN
2024-06-22T21:13,-0.7686842105263167,UNKNOWN
2024-06-22T21:14,-0.6686842105263153,UNKNOWN
2024-06-22T21:15,-0.6686842105263153,UNKNOWN
2024-06-22T21:16,-0.7686842105263167,UNKNOWN
2024-06-22T21:17,-0.7686842105263167,UNKNOWN
2024-06-22T21:18,-0.6686842105263153,UNKNOWN
2024-06-22T21:19,-0.6686842105263153,UNKNOWN
2024-06-22T21:20,-0.6686842105263153,UNKNOWN
2024-06-22T21:21,-0.6686842105263153,UNKNOWN
2024-06-22T21:22,-0.6686842105263153,UNKNOWN
2024-06-22T21:23,-0.7686842105263167,UNKNOWN
2024-06-22T21:24,-0.6686842105263153,UNKNOWN
2024-06-22T21:25,-0.7686842105263167,UNKNOWN
2024-06-22T21:26,-0.7686842105263167,UNKNOWN
2024-06-22T21:27,-0.7686842105263167,UNKNOWN
2024-06-22T21:28,-0.7686842105263167,UNKNOWN
2024-06-22T21:29,-0.8686842105263182,UNKNOWN
2024-06-22T21:30,-0.8686842105263182,UNKNOWN
2024-06-22T21:31,-0.8686842105263182,UNKNOWN
2024-06-22T21:32,-0.8686842105263182,UNKNOWN
2024-06-22T21:33,-0.8686842105263182,UNKNOWN
2024-06-22T21:34,-0.968684210526316,UNKNOWN
2024-06-22T21:35,-0.8686842105263182,UNKNOWN
2024-06-22T21:36,-0.8686842105263182,UNKNOWN
2024-06-22T21:37,-0.7686842105263167,UNKNOWN
2024-06-22T21:38,-0.7686842105263167,UNKNOWN
2024-06-22T21:39,-0.7686842105263167,UNKNOWN
2024-06-22T21:40,-0.7686842105263167,UNKNOWN
2024-06-22T21:41,-0.7686842105263167,UNKNOWN
2024-06-22T21:42,-0.6686842105263153,UNKNOWN
2024-06-22T21:43,-0.7686842105263167,UNKNOWN
2024-06-22T21:44,-0.7686842105263167,UNKNOWN
2024-06-22T21:45,-0.7686842105263167,UNKNOWN
2024-06-22T21:46,-0.8686842105263182,UNKNOWN
2024-06-22T21:47,-0.7686842105263167,UNKNOWN
2024-06-22T21:48,-1.1686842105263153,UNKNOWN
2024-06-22T21:49,-1.0686842105263175,UNKNOWN
2024-06-22T21:50,-0.968684210526316,UNKNOWN
2024-06-22T21:51,-1.0686842105263175,UNKNOWN
2024-06-22T21:52,-1.0686842105263175,UNKNOWN
2024-06-22T21:53,-1.0686842105263175,UNKNOWN
2024-06-22T21:54,-1.1686842105263153,UNKNOWN
2024-06-22T21:55,-1.1686842105263153,UNKNOWN
2024-06-22T21:56,-0.968684210526316,UNKNOWN
2024-06-22T21:57,-0.8686842105263182,UNKNOWN
2024-06-22T21:58,-0.7686842105263167,UNKNOWN
2024-06-22T21:59,-0.6686842105263153,UNKNOWN
2024-06-22T22:00,-0.5686842105263175,UNKNOWN
2024-06-22T22:01,-0.46868421052631604,UNKNOWN
2024-06-22T22:02,-0.5686842105263175,UNKNOWN
2024-06-22T22:03,-0.5686842105263175,UNKNOWN
2024-06-22T22:04,-0.8686842105263182,UNKNOWN
2024-06-22T22:05,-1.1686842105263153,UNKNOWN
2024-06-22T22:06,-1.2686842105263167,UNKNOWN
2024-06-22T22:07,-1.3686842105263182,UNKNOWN
2024-06-22T22:08,-1.468684210526316,UNKNOWN
2024-06-22T22:09,-1.5686842105263175,UNKNOWN
2024-06-22T22:10,-1.7686842105263167,UNKNOWN
2024-06-22T22:11,-1.8686842105263182,UNKNOWN
2024-06-22T22:12,-1.968684210526316,UNKNOWN
2024-06-22T22:13,-2.0686842105263175,UNKNOWN
2024-06-22T22:14,-1.968684210526316,UNKNOWN
2024-06-22T22:15,-1.7686842105263167,UNKNOWN
2024-06-22T22:16,-1.7686842105263167,UNKNOWN
2024-06-22T22:17,-1.6686842105263153,UNKNOWN
2024-06-22T22:18,-1.6686842105263153,UNKNOWN
2024-06-22T22:19,-1.5686842105263175,UNKNOWN
2024-06-22T22:20,-1.468684210526316,UNKNOWN
2024-06-22T22:21,-1.3686842105263182,UNKNOWN
2024-06-22T22:22,-1.2686842105263167,UNKNOWN
2024-06-22T22:23,-1.1686842105263153,UNKNOWN
2024-06-22T22:24,-1.1686842105263153,UNKNOWN
2024-06-22T22:25,-1.0686842105263175,UNKNOWN
2024-06-22T22:26,-1.0686842105263175,UNKNOWN
2024-06-22T22:27,-1.0686842105263175,UNKNOWN
2024-06-22T22:28,-1.1686842105263153,UNKNOWN
2024-06-22T22:29,-1.1686842105263153,UNKNOWN
2024-06-22T22:30,-1.1686842105263153,UNKNOWN
2024-06-22T22:31,-1.1686842105263153,UNKNOWN
2024-06-22T22:32,-1.2686842105263167,UNKNOWN
2024-06-22T22:33,-1.2686842105263167,UNKNOWN
2024-06-22T22:34,-1.3686842105263182,UNKNOWN
2024-06-22T22:35,-0.968684210526316,UNKNOWN
2024-06-22T22:36,-0.5686842105263175,UNKNOWN
2024-06-22T22:37,-0.36868421052631817,UNKNOWN
2024-06-22T22:38,-0.36868421052631817,UNKNOWN
2024-06-22T22:39,-0.36868421052631817,UNKNOWN
2024-06-22T22:40,-0.26868421052631675,UNKNOWN
2024-06-22T22:41,-0.26868421052631675,UNKNOWN
2024-06-22T22:42,-0.16868421052631533,UNKNOWN
2024-06-22T22:43,-0.26868421052631675,UNKNOWN
2024-06-22T22:44,-0.26868421052631675,UNKNOWN
2024-06-22T22:45,-0.46868421052631604,UNKNOWN
2024-06-22T22:46,-0.5686842105263175,UNKNOWN
2024-06-22T22:47,-0.6686842105263153,UNKNOWN
2024-06-22T22:48,-0.5686842105263175,UNKNOWN
2024-06-22T22:49,-0.7686842105263167,UNKNOWN
2024-06-22T22:50,-0.8686842105263182,UNKNOWN
2024-06-22T22:51,-0.8686842105263182,UNKNOWN
2024-06-22T22:52,-0.7686842105263167,UNKNOWN
2024-06-22T22:53,-0.968684210526316,UNKNOWN
2024-06-22T22:54,-1.0686842105263175,UNKNOWN
2024-06-22T22:55,-1.2686842105263167,UNKNOWN
2024-06-22T22:56,-1.0686842105263175,UNKNOWN
2024-06-22T22:57,-1.0686842105263175,UNKNOWN
2024-06-22T22:58,-1.2686842105263167,UNKNOWN
2024-06-22T22:59,-1.3686842105263182,UNKNOWN
2024-06-22T23:00,-1.468684210526316,UNKNOWN
2024-06-22T23:01,-1.468684210526316,UNKNOWN
2024-06-22T23:02,-1.2686842105263167,UNKNOWN
2024-06-22T23:03,-1.1686842105263153,UNKNOWN
2024-06-22T23:04,-1.0686842105263175,UNKNOWN
2024-06-22T23:05,-1.0686842105263175,UNKNOWN
2024-06-22T23:06,-0.968684210526316,UNKNOWN
2024-06-22T23:07,-0.6686842105263153,UNKNOWN
2024-06-22T23:08,-0.46868421052631604,UNKNOWN
2024-06-22T23:09,-0.26868421052631675,UNKNOWN
2024-06-22T23:10,-0.26868421052631675,UNKNOWN
2024-06-22T23:11,-0.16868421052631533,UNKNOWN
2024-06-22T23:12,0.031315789473683964,UNKNOWN
2024-06-22T23:13,0.031315789473683964,UNKNOWN
2024-06-22T23:14,0.13131578947368183,UNKNOWN
2024-06-22T23:15,0.13131578947368183,UNKNOWN
2024-06-22T23:16,0.13131578947368183,UNKNOWN
2024-06-22T23:17,0.031315789473683964,UNKNOWN
2024-06-22T23:18,0.23131578947368325,UNKNOWN
2024-06-22T23:19,0.23131578947368325,UNKNOWN
2024-06-22T23:20,0.3313157894736847,UNKNOWN
2024-06-22T23:21,0.6313157894736818,UNKNOWN
2024-06-22T23:22,0.8313157894736847,UNKNOWN
2024-06-22T23:23,0.7313157894736833,UNKNOWN
2024-06-22T23:24,0.7313157894736833,UNKNOWN
2024-06-22T23:25,0.6313157894736818,UNKNOWN
2024-06-22T23:26,0.6313157894736818,UNKNOWN
2024-06-22T23:27,0.5313157894736804,UNKNOWN
2024-06-22T23:28,0.6313157894736818,UNKNOWN
2024-06-22T23:29,0.7313157894736833,UNKNOWN
2024-06-22T23:30,0.6313157894736818,UNKNOWN
2024-06-22T23:31,0.4313157894736861,UNKNOWN
2024-06-22T23:32,0.13131578947368183,UNKNOWN
2024-06-22T23:33,-0.26868421052631675,UNKNOWN
2024-06-22T23:34,-0.6686842105263153,UNKNOWN
2024-06-22T23:35,-0.968684210526316,UNKNOWN
2024-06-22T23:36,-1.2686842105263167,UNKNOWN
2024-06-22T23:37,-1.3686842105263182,UNKNOWN
2024-06-22T23:38,-1.8686842105263182,UNKNOWN
2024-06-22T23:39,-2.1686842105263153,UNKNOWN
2024-06-22T23:40,-2.2686842105263167,UNKNOWN
2024-06-22T23:41,-2.0686842105263175,UNKNOWN
2024-06-22T23:42,-1.968684210526316,UNKNOWN
2024-06-22T23:43,-1.8686842105263182,UNKNOWN
2024-06-22T23:44,-1.6686842105263153,UNKNOWN
2024-06-22T23:45,-1.968684210526316,UNKNOWN
2024-06-22T23:46,-1.468684210526316,UNKNOWN
2024-06-22T23:47,-0.8686842105263182,UNKNOWN
2024-06-22T23:48,-0.968684210526316,UNKNOWN
2024-06-22T23:49,-1.1686842105263153,UNKNOWN
2024-06-22T23:50,-1.0686842105263175,UNKNOWN
2024-06-22T23:51,-0.7686842105263167,UNKNOWN
2024-06-22T23:52,-0.6686842105263153,UNKNOWN
2024-06-22T23:53,-0.7686842105263167,UNKNOWN
2024-06-22T23:54,-0.6686842105263153,UNKNOWN
2024-06-22T23:55,-0.6686842105263153,UNKNOWN
2024-06-22T23:56,-0.5686842105263175,UNKNOWN
2024-06-22T23:57,-0.46868421052631604,UNKNOWN
2024-06-22T23:58,-0.16868421052631533,UNKNOWN
2024-06-22T23:59,0.031315789473683964,UNKNOWN